This file contains any messages produced by compilers while
running configure, to aid debugging if configure makes a mistake.

It was created by libunwind configure 1.3.1, which was
generated by GNU Autoconf 2.71.  Invocation command line was

  $ ./configure --enable-shared=no --disable-block-signals --enable-debug=no --enable-debug-frame=no --enable-coredump=no --enable-ptrace=no --enable-setjmp=no --disable-tests --enable-cxx-exceptions

## --------- ##
## Platform. ##
## --------- ##

hostname = nsec-sgx
uname -m = x86_64
uname -r = 6.8.0-110-generic
uname -s = Linux
uname -v = #110-Ubuntu SMP PREEMPT_DYNAMIC Thu Mar 19 15:09:20 UTC 2026

/usr/bin/uname -p = x86_64
/bin/uname -X     = unknown

/bin/arch              = x86_64
/usr/bin/arch -k       = unknown
/usr/convex/getsysinfo = unknown
/usr/bin/hostinfo      = unknown
/bin/machine           = unknown
/usr/bin/oslevel       = unknown
/bin/universe          = unknown

PATH: /opt/miniconda3/bin/
PATH: /opt/miniconda3/condabin/
PATH: /usr/local/sbin/
PATH: /usr/local/bin/
PATH: /usr/sbin/
PATH: /usr/bin/
PATH: /sbin/
PATH: /bin/
PATH: /usr/games/
PATH: /usr/local/games/
PATH: /snap/bin/
PATH: /home/hz/.dotnet/tools/
PATH: /home/hz/.dotnet/tools/
PATH: /data1/hz/linux-sgx-mage/sgxsdk/bin/
PATH: /data1/hz/linux-sgx-mage/sgxsdk/bin/x64/
PATH: /data1/hz/sgxsdk-mage/sgxsdk/bin/
PATH: /data1/hz/sgxsdk-mage/sgxsdk/bin/x64/
PATH: /data1/hz/sgxsdk-mage/sgxsdk/bin/
PATH: /data1/hz/sgxsdk-mage/sgxsdk/bin/x64/


## ----------- ##
## Core tests. ##
## ----------- ##

configure:3235: looking for aux files: ltmain.sh ar-lib compile missing install-sh config.guess config.sub
configure:3248:  trying ./config/
configure:3277:   ./config/ltmain.sh found
configure:3277:   ./config/ar-lib found
configure:3277:   ./config/compile found
configure:3277:   ./config/missing found
configure:3259:   ./config/install-sh found
configure:3277:   ./config/config.guess found
configure:3277:   ./config/config.sub found
configure:3397: checking build system type
configure:3412: result: x86_64-pc-linux-gnu
configure:3432: checking host system type
configure:3446: result: x86_64-pc-linux-gnu
configure:3466: checking target system type
configure:3480: result: x86_64-pc-linux-gnu
configure:3523: checking for a BSD-compatible install
configure:3596: result: /usr/bin/install -c
configure:3607: checking whether build environment is sane
configure:3662: result: yes
configure:3821: checking for a race-free mkdir -p
configure:3865: result: /usr/bin/mkdir -p
configure:3872: checking for gawk
configure:3893: found /usr/bin/gawk
configure:3904: result: gawk
configure:3915: checking whether make sets $(MAKE)
configure:3938: result: yes
configure:3968: checking whether make supports nested variables
configure:3986: result: yes
configure:4123: checking whether to enable maintainer-specific portions of Makefiles
configure:4133: result: no
configure:4213: checking for gcc
configure:4234: found /usr/bin/gcc
configure:4245: result: gcc
configure:4598: checking for C compiler version
configure:4607: gcc --version >&5
gcc (Ubuntu 13.3.0-6ubuntu2~24.04.1) 13.3.0
Copyright (C) 2023 Free Software Foundation, Inc.
This is free software; see the source for copying conditions.  There is NO
warranty; not even for MERCHANTABILITY or FITNESS FOR A PARTICULAR PURPOSE.

configure:4618: $? = 0
configure:4607: gcc -v >&5
Using built-in specs.
COLLECT_GCC=gcc
COLLECT_LTO_WRAPPER=/usr/libexec/gcc/x86_64-linux-gnu/13/lto-wrapper
OFFLOAD_TARGET_NAMES=nvptx-none:amdgcn-amdhsa
OFFLOAD_TARGET_DEFAULT=1
Target: x86_64-linux-gnu
Configured with: ../src/configure -v --with-pkgversion='Ubuntu 13.3.0-6ubuntu2~24.04.1' --with-bugurl=file:///usr/share/doc/gcc-13/README.Bugs --enable-languages=c,ada,c++,go,d,fortran,objc,obj-c++,m2 --prefix=/usr --with-gcc-major-version-only --program-suffix=-13 --program-prefix=x86_64-linux-gnu- --enable-shared --enable-linker-build-id --libexecdir=/usr/libexec --without-included-gettext --enable-threads=posix --libdir=/usr/lib --enable-nls --enable-bootstrap --enable-clocale=gnu --enable-libstdcxx-debug --enable-libstdcxx-time=yes --with-default-libstdcxx-abi=new --enable-libstdcxx-backtrace --enable-gnu-unique-object --disable-vtable-verify --enable-plugin --enable-default-pie --with-system-zlib --enable-libphobos-checking=release --with-target-system-zlib=auto --enable-objc-gc=auto --enable-multiarch --disable-werror --enable-cet --with-arch-32=i686 --with-abi=m64 --with-multilib-list=m32,m64,mx32 --enable-multilib --with-tune=generic --enable-offload-targets=nvptx-none=/build/gcc-13-EldibY/gcc-13-13.3.0/debian/tmp-nvptx/usr,amdgcn-amdhsa=/build/gcc-13-EldibY/gcc-13-13.3.0/debian/tmp-gcn/usr --enable-offload-defaulted --without-cuda-driver --enable-checking=release --build=x86_64-linux-gnu --host=x86_64-linux-gnu --target=x86_64-linux-gnu --with-build-config=bootstrap-lto-lean --enable-link-serialization=2
Thread model: posix
Supported LTO compression algorithms: zlib zstd
gcc version 13.3.0 (Ubuntu 13.3.0-6ubuntu2~24.04.1) 
... rest of stderr output deleted ...
configure:4618: $? = 0
configure:4607: gcc -V >&5
gcc: error: unrecognized command-line option '-V'
gcc: fatal error: no input files
compilation terminated.
configure:4618: $? = 1
configure:4607: gcc -qversion >&5
gcc: error: unrecognized command-line option '-qversion'; did you mean '--version'?
gcc: fatal error: no input files
compilation terminated.
configure:4618: $? = 1
configure:4607: gcc -version >&5
gcc: error: unrecognized command-line option '-version'
gcc: fatal error: no input files
compilation terminated.
configure:4618: $? = 1
configure:4643: checking whether the C compiler works
configure:4665: gcc -Wjump-misses-init -Wstrict-prototypes -Wunsuffixed-float-constants -O2 -D_FORTIFY_SOURCE=3 -UDEBUG -DNDEBUG -fstack-clash-protection -ffunction-sections -fdata-sections -fstack-protector-strong -D_GLIBCXX_ASSERTIONS -Wall -Wextra -Winit-self -Wpointer-arith -Wreturn-type -Waddress -Wsequence-point -Wformat-security -Wmissing-include-dirs -Wfloat-equal -Wundef -Wshadow -Wcast-align -Wconversion -Wredundant-decls -Wimplicit-fallthrough -DITT_ARCH_IA64 -fcf-protection -ffreestanding -fvisibility=hidden -fpie -fno-strict-overflow -fno-delete-null-pointer-checks -B/usr/local/bin -Werror=format-security -DLIBCXXRT_NO_DEFAULT_TERMINATE_DIAGNOSTICS -DLIBCXXRT_NO_EMERGENCY_MALLOC -std=c99 -fno-builtin -DHAVE_SGX=1 -fPIC -DUNW_LOCAL_ONLY -fdebug-prefix-map=/data1/hz/linux-sgx-mage/sdk/cpprt/linux/libunwind=/libunwind    conftest.c  >&5
conftest.c:21:6: warning: function declaration isn't a prototype [-Wstrict-prototypes]
   21 | void __x86_return_thunk(){__asm__("ret\n\t");}
      |      ^~~~~~~~~~~~~~~~~~
conftest.c:22:6: warning: function declaration isn't a prototype [-Wstrict-prototypes]
   22 | void __x86_indirect_thunk_rax(){__asm__("jmp *%rax\n\t");}
      |      ^~~~~~~~~~~~~~~~~~~~~~~~
configure:4669: $? = 0
configure:4719: result: yes
configure:4722: checking for C compiler default output file name
configure:4724: result: a.out
configure:4730: checking for suffix of executables
configure:4737: gcc -o conftest -Wjump-misses-init -Wstrict-prototypes -Wunsuffixed-float-constants -O2 -D_FORTIFY_SOURCE=3 -UDEBUG -DNDEBUG -fstack-clash-protection -ffunction-sections -fdata-sections -fstack-protector-strong -D_GLIBCXX_ASSERTIONS -Wall -Wextra -Winit-self -Wpointer-arith -Wreturn-type -Waddress -Wsequence-point -Wformat-security -Wmissing-include-dirs -Wfloat-equal -Wundef -Wshadow -Wcast-align -Wconversion -Wredundant-decls -Wimplicit-fallthrough -DITT_ARCH_IA64 -fcf-protection -ffreestanding -fvisibility=hidden -fpie -fno-strict-overflow -fno-delete-null-pointer-checks -B/usr/local/bin -Werror=format-security -DLIBCXXRT_NO_DEFAULT_TERMINATE_DIAGNOSTICS -DLIBCXXRT_NO_EMERGENCY_MALLOC -std=c99 -fno-builtin -DHAVE_SGX=1 -fPIC -DUNW_LOCAL_ONLY -fdebug-prefix-map=/data1/hz/linux-sgx-mage/sdk/cpprt/linux/libunwind=/libunwind    conftest.c  >&5
conftest.c:21:6: warning: function declaration isn't a prototype [-Wstrict-prototypes]
   21 | void __x86_return_thunk(){__asm__("ret\n\t");}
      |      ^~~~~~~~~~~~~~~~~~
conftest.c:22:6: warning: function declaration isn't a prototype [-Wstrict-prototypes]
   22 | void __x86_indirect_thunk_rax(){__asm__("jmp *%rax\n\t");}
      |      ^~~~~~~~~~~~~~~~~~~~~~~~
configure:4741: $? = 0
configure:4764: result: 
configure:4791: checking whether we are cross compiling
configure:4799: gcc -o conftest -Wjump-misses-init -Wstrict-prototypes -Wunsuffixed-float-constants -O2 -D_FORTIFY_SOURCE=3 -UDEBUG -DNDEBUG -fstack-clash-protection -ffunction-sections -fdata-sections -fstack-protector-strong -D_GLIBCXX_ASSERTIONS -Wall -Wextra -Winit-self -Wpointer-arith -Wreturn-type -Waddress -Wsequence-point -Wformat-security -Wmissing-include-dirs -Wfloat-equal -Wundef -Wshadow -Wcast-align -Wconversion -Wredundant-decls -Wimplicit-fallthrough -DITT_ARCH_IA64 -fcf-protection -ffreestanding -fvisibility=hidden -fpie -fno-strict-overflow -fno-delete-null-pointer-checks -B/usr/local/bin -Werror=format-security -DLIBCXXRT_NO_DEFAULT_TERMINATE_DIAGNOSTICS -DLIBCXXRT_NO_EMERGENCY_MALLOC -std=c99 -fno-builtin -DHAVE_SGX=1 -fPIC -DUNW_LOCAL_ONLY -fdebug-prefix-map=/data1/hz/linux-sgx-mage/sdk/cpprt/linux/libunwind=/libunwind    conftest.c  >&5
conftest.c:23:6: warning: function declaration isn't a prototype [-Wstrict-prototypes]
   23 | void __x86_return_thunk(){__asm__("ret\n\t");}
      |      ^~~~~~~~~~~~~~~~~~
conftest.c:24:6: warning: function declaration isn't a prototype [-Wstrict-prototypes]
   24 | void __x86_indirect_thunk_rax(){__asm__("jmp *%rax\n\t");}
      |      ^~~~~~~~~~~~~~~~~~~~~~~~
configure:4803: $? = 0
configure:4810: ./conftest
configure:4814: $? = 0
configure:4829: result: no
configure:4834: checking for suffix of object files
configure:4857: gcc -c -Wjump-misses-init -Wstrict-prototypes -Wunsuffixed-float-constants -O2 -D_FORTIFY_SOURCE=3 -UDEBUG -DNDEBUG -fstack-clash-protection -ffunction-sections -fdata-sections -fstack-protector-strong -D_GLIBCXX_ASSERTIONS -Wall -Wextra -Winit-self -Wpointer-arith -Wreturn-type -Waddress -Wsequence-point -Wformat-security -Wmissing-include-dirs -Wfloat-equal -Wundef -Wshadow -Wcast-align -Wconversion -Wredundant-decls -Wimplicit-fallthrough -DITT_ARCH_IA64 -fcf-protection -ffreestanding -fvisibility=hidden -fpie -fno-strict-overflow -fno-delete-null-pointer-checks -B/usr/local/bin -Werror=format-security -DLIBCXXRT_NO_DEFAULT_TERMINATE_DIAGNOSTICS -DLIBCXXRT_NO_EMERGENCY_MALLOC -std=c99 -fno-builtin -DHAVE_SGX=1 -fPIC -DUNW_LOCAL_ONLY -fdebug-prefix-map=/data1/hz/linux-sgx-mage/sdk/cpprt/linux/libunwind=/libunwind   conftest.c >&5
configure:4861: $? = 0
configure:4883: result: o
configure:4887: checking whether the compiler supports GNU C
configure:4907: gcc -c -Wjump-misses-init -Wstrict-prototypes -Wunsuffixed-float-constants -O2 -D_FORTIFY_SOURCE=3 -UDEBUG -DNDEBUG -fstack-clash-protection -ffunction-sections -fdata-sections -fstack-protector-strong -D_GLIBCXX_ASSERTIONS -Wall -Wextra -Winit-self -Wpointer-arith -Wreturn-type -Waddress -Wsequence-point -Wformat-security -Wmissing-include-dirs -Wfloat-equal -Wundef -Wshadow -Wcast-align -Wconversion -Wredundant-decls -Wimplicit-fallthrough -DITT_ARCH_IA64 -fcf-protection -ffreestanding -fvisibility=hidden -fpie -fno-strict-overflow -fno-delete-null-pointer-checks -B/usr/local/bin -Werror=format-security -DLIBCXXRT_NO_DEFAULT_TERMINATE_DIAGNOSTICS -DLIBCXXRT_NO_EMERGENCY_MALLOC -std=c99 -fno-builtin -DHAVE_SGX=1 -fPIC -DUNW_LOCAL_ONLY -fdebug-prefix-map=/data1/hz/linux-sgx-mage/sdk/cpprt/linux/libunwind=/libunwind   conftest.c >&5
configure:4907: $? = 0
configure:4917: result: yes
configure:4928: checking whether gcc accepts -g
configure:4949: gcc -c -g  conftest.c >&5
configure:4949: $? = 0
configure:4993: result: yes
configure:5013: checking for gcc option to enable C11 features
configure:5028: gcc  -c -Wjump-misses-init -Wstrict-prototypes -Wunsuffixed-float-constants -O2 -D_FORTIFY_SOURCE=3 -UDEBUG -DNDEBUG -fstack-clash-protection -ffunction-sections -fdata-sections -fstack-protector-strong -D_GLIBCXX_ASSERTIONS -Wall -Wextra -Winit-self -Wpointer-arith -Wreturn-type -Waddress -Wsequence-point -Wformat-security -Wmissing-include-dirs -Wfloat-equal -Wundef -Wshadow -Wcast-align -Wconversion -Wredundant-decls -Wimplicit-fallthrough -DITT_ARCH_IA64 -fcf-protection -ffreestanding -fvisibility=hidden -fpie -fno-strict-overflow -fno-delete-null-pointer-checks -B/usr/local/bin -Werror=format-security -DLIBCXXRT_NO_DEFAULT_TERMINATE_DIAGNOSTICS -DLIBCXXRT_NO_EMERGENCY_MALLOC -std=c99 -fno-builtin -DHAVE_SGX=1 -fPIC -DUNW_LOCAL_ONLY -fdebug-prefix-map=/data1/hz/linux-sgx-mage/sdk/cpprt/linux/libunwind=/libunwind   conftest.c >&5
conftest.c:25:14: warning: function declaration isn't a prototype [-Wstrict-prototypes]
   25 | static char *e (p, i)
      |              ^
conftest.c: In function 'test_varargs':
conftest.c:152:21: warning: conversion from 'double' to 'float' may change value [-Wfloat-conversion]
  152 |           fnumber = va_arg (args_copy, double);
      |                     ^~~~~~
conftest.c:161:25: warning: comparing floating-point with '==' or '!=' is unsafe [-Wfloat-equal]
  161 |   return *str && number && fnumber;
      |                         ^~
conftest.c: At top level:
conftest.c:167:3: error: #error "Compiler does not advertise C11 conformance"
  167 | # error "Compiler does not advertise C11 conformance"
      |   ^~~~~
conftest.c:186:1: warning: '_Noreturn' is not at beginning of declaration [-Wold-style-declaration]
  186 | int _Noreturn does_not_return (void) { for (;;) continue; }
      | ^~~
conftest.c:198:12: error: 'syntax' undeclared here (not in a function)
  198 | #define u8 syntax error!
      |            ^~~~~~
conftest.c:199:29: note: in expansion of macro 'u8'
  199 | char const utf8_literal[] = u8"happens to be ASCII" "another string";
      |                             ^~
conftest.c:198:19: error: expected ',' or ';' before 'error'
  198 | #define u8 syntax error!
      |                   ^~~~~
conftest.c:199:29: note: in expansion of macro 'u8'
  199 | char const utf8_literal[] = u8"happens to be ASCII" "another string";
      |                             ^~
conftest.c: In function 'main':
conftest.c:235:3: warning: unsuffixed floating constant [-Wunsuffixed-float-constants]
  235 |   success &= test_varargs ("s, d' f .", "string", 65, 34.234);
      |   ^~~~~~~
conftest.c:243:5: warning: unsuffixed floating constant [-Wunsuffixed-float-constants]
  243 |     ia->data[i] = i * 1.234;
      |     ^~
conftest.c:249:5: warning: unsuffixed floating constant [-Wunsuffixed-float-constants]
  249 |     .average = 543.34343,
      |     ^
configure:5028: $? = 1
configure: failed program was:
| /* confdefs.h */
| #define PACKAGE_NAME "libunwind"
| #define PACKAGE_TARNAME "libunwind"
| #define PACKAGE_VERSION "1.3.1"
| #define PACKAGE_STRING "libunwind 1.3.1"
| #define PACKAGE_BUGREPORT "libunwind-devel@nongnu.org"
| #define PACKAGE_URL ""
| #define PACKAGE "libunwind"
| #define VERSION "1.3.1"
| /* end confdefs.h.  */
| 
| /* Does the compiler advertise C89 conformance?
|    Do not test the value of __STDC__, because some compilers set it to 0
|    while being otherwise adequately conformant. */
| #if !defined __STDC__
| # error "Compiler does not advertise C89 conformance"
| #endif
| 
| #include <stddef.h>
| #include <stdarg.h>
| struct stat;
| /* Most of the following tests are stolen from RCS 5.7 src/conf.sh.  */
| struct buf { int x; };
| struct buf * (*rcsopen) (struct buf *, struct stat *, int);
| static char *e (p, i)
|      char **p;
|      int i;
| {
|   return p[i];
| }
| static char *f (char * (*g) (char **, int), char **p, ...)
| {
|   char *s;
|   va_list v;
|   va_start (v,p);
|   s = g (p, va_arg (v,int));
|   va_end (v);
|   return s;
| }
| 
| /* OSF 4.0 Compaq cc is some sort of almost-ANSI by default.  It has
|    function prototypes and stuff, but not \xHH hex character constants.
|    These do not provoke an error unfortunately, instead are silently treated
|    as an "x".  The following induces an error, until -std is added to get
|    proper ANSI mode.  Curiously \x00 != x always comes out true, for an
|    array size at least.  It is necessary to write \x00 == 0 to get something
|    that is true only with -std.  */
| int osf4_cc_array ['\x00' == 0 ? 1 : -1];
| 
| /* IBM C 6 for AIX is almost-ANSI by default, but it replaces macro parameters
|    inside strings and character constants.  */
| #define FOO(x) 'x'
| int xlc6_cc_array[FOO(a) == 'x' ? 1 : -1];
| 
| int test (int i, double x);
| struct s1 {int (*f) (int a);};
| struct s2 {int (*f) (double a);};
| int pairnames (int, char **, int *(*)(struct buf *, struct stat *, int),
|                int, int);
| 
| // Does the compiler advertise C99 conformance?
| #if !defined __STDC_VERSION__ || __STDC_VERSION__ < 199901L
| # error "Compiler does not advertise C99 conformance"
| #endif
| 
| #include <stdbool.h>
| extern int puts (const char *);
| extern int printf (const char *, ...);
| extern int dprintf (int, const char *, ...);
| extern void *malloc (size_t);
| 
| // Check varargs macros.  These examples are taken from C99 6.10.3.5.
| // dprintf is used instead of fprintf to avoid needing to declare
| // FILE and stderr.
| #define debug(...) dprintf (2, __VA_ARGS__)
| #define showlist(...) puts (#__VA_ARGS__)
| #define report(test,...) ((test) ? puts (#test) : printf (__VA_ARGS__))
| static void
| test_varargs_macros (void)
| {
|   int x = 1234;
|   int y = 5678;
|   debug ("Flag");
|   debug ("X = %d\n", x);
|   showlist (The first, second, and third items.);
|   report (x>y, "x is %d but y is %d", x, y);
| }
| 
| // Check long long types.
| #define BIG64 18446744073709551615ull
| #define BIG32 4294967295ul
| #define BIG_OK (BIG64 / BIG32 == 4294967297ull && BIG64 % BIG32 == 0)
| #if !BIG_OK
|   #error "your preprocessor is broken"
| #endif
| #if BIG_OK
| #else
|   #error "your preprocessor is broken"
| #endif
| static long long int bignum = -9223372036854775807LL;
| static unsigned long long int ubignum = BIG64;
| 
| struct incomplete_array
| {
|   int datasize;
|   double data[];
| };
| 
| struct named_init {
|   int number;
|   const wchar_t *name;
|   double average;
| };
| 
| typedef const char *ccp;
| 
| static inline int
| test_restrict (ccp restrict text)
| {
|   // See if C++-style comments work.
|   // Iterate through items via the restricted pointer.
|   // Also check for declarations in for loops.
|   for (unsigned int i = 0; *(text+i) != '\0'; ++i)
|     continue;
|   return 0;
| }
| 
| // Check varargs and va_copy.
| static bool
| test_varargs (const char *format, ...)
| {
|   va_list args;
|   va_start (args, format);
|   va_list args_copy;
|   va_copy (args_copy, args);
| 
|   const char *str = "";
|   int number = 0;
|   float fnumber = 0;
| 
|   while (*format)
|     {
|       switch (*format++)
| 	{
| 	case 's': // string
| 	  str = va_arg (args_copy, const char *);
| 	  break;
| 	case 'd': // int
| 	  number = va_arg (args_copy, int);
| 	  break;
| 	case 'f': // float
| 	  fnumber = va_arg (args_copy, double);
| 	  break;
| 	default:
| 	  break;
| 	}
|     }
|   va_end (args_copy);
|   va_end (args);
| 
|   return *str && number && fnumber;
| }
| 
| 
| // Does the compiler advertise C11 conformance?
| #if !defined __STDC_VERSION__ || __STDC_VERSION__ < 201112L
| # error "Compiler does not advertise C11 conformance"
| #endif
| 
| // Check _Alignas.
| char _Alignas (double) aligned_as_double;
| char _Alignas (0) no_special_alignment;
| extern char aligned_as_int;
| char _Alignas (0) _Alignas (int) aligned_as_int;
| 
| // Check _Alignof.
| enum
| {
|   int_alignment = _Alignof (int),
|   int_array_alignment = _Alignof (int[100]),
|   char_alignment = _Alignof (char)
| };
| _Static_assert (0 < -_Alignof (int), "_Alignof is signed");
| 
| // Check _Noreturn.
| int _Noreturn does_not_return (void) { for (;;) continue; }
| 
| // Check _Static_assert.
| struct test_static_assert
| {
|   int x;
|   _Static_assert (sizeof (int) <= sizeof (long int),
|                   "_Static_assert does not work in struct");
|   long int y;
| };
| 
| // Check UTF-8 literals.
| #define u8 syntax error!
| char const utf8_literal[] = u8"happens to be ASCII" "another string";
| 
| // Check duplicate typedefs.
| typedef long *long_ptr;
| typedef long int *long_ptr;
| typedef long_ptr long_ptr;
| 
| // Anonymous structures and unions -- taken from C11 6.7.2.1 Example 1.
| struct anonymous
| {
|   union {
|     struct { int i; int j; };
|     struct { int k; long int l; } w;
|   };
|   int m;
| } v1;
| 
| 
| int
| main (int argc, char **argv)
| {
|   int ok = 0;
|   
| ok |= (argc == 0 || f (e, argv, 0) != argv[0] || f (e, argv, 1) != argv[1]);
| 
|   
|   // Check bool.
|   _Bool success = false;
|   success |= (argc != 0);
| 
|   // Check restrict.
|   if (test_restrict ("String literal") == 0)
|     success = true;
|   char *restrict newvar = "Another string";
| 
|   // Check varargs.
|   success &= test_varargs ("s, d' f .", "string", 65, 34.234);
|   test_varargs_macros ();
| 
|   // Check flexible array members.
|   struct incomplete_array *ia =
|     malloc (sizeof (struct incomplete_array) + (sizeof (double) * 10));
|   ia->datasize = 10;
|   for (int i = 0; i < ia->datasize; ++i)
|     ia->data[i] = i * 1.234;
| 
|   // Check named initializers.
|   struct named_init ni = {
|     .number = 34,
|     .name = L"Test wide string",
|     .average = 543.34343,
|   };
| 
|   ni.number = 58;
| 
|   int dynamic_array[ni.number];
|   dynamic_array[0] = argv[0][0];
|   dynamic_array[ni.number - 1] = 543;
| 
|   // work around unused variable warnings
|   ok |= (!success || bignum == 0LL || ubignum == 0uLL || newvar[0] == 'x'
| 	 || dynamic_array[ni.number - 1] != 543);
| 
|   
|   _Static_assert ((offsetof (struct anonymous, i)
| 		   == offsetof (struct anonymous, w.k)),
| 		  "Anonymous union alignment botch");
|   v1.i = 2;
|   v1.w.k = 5;
|   ok |= v1.i != 5;
| 
|   return ok;
| }
| 
configure:5028: gcc -std=gnu11 -c -Wjump-misses-init -Wstrict-prototypes -Wunsuffixed-float-constants -O2 -D_FORTIFY_SOURCE=3 -UDEBUG -DNDEBUG -fstack-clash-protection -ffunction-sections -fdata-sections -fstack-protector-strong -D_GLIBCXX_ASSERTIONS -Wall -Wextra -Winit-self -Wpointer-arith -Wreturn-type -Waddress -Wsequence-point -Wformat-security -Wmissing-include-dirs -Wfloat-equal -Wundef -Wshadow -Wcast-align -Wconversion -Wredundant-decls -Wimplicit-fallthrough -DITT_ARCH_IA64 -fcf-protection -ffreestanding -fvisibility=hidden -fpie -fno-strict-overflow -fno-delete-null-pointer-checks -B/usr/local/bin -Werror=format-security -DLIBCXXRT_NO_DEFAULT_TERMINATE_DIAGNOSTICS -DLIBCXXRT_NO_EMERGENCY_MALLOC -std=c99 -fno-builtin -DHAVE_SGX=1 -fPIC -DUNW_LOCAL_ONLY -fdebug-prefix-map=/data1/hz/linux-sgx-mage/sdk/cpprt/linux/libunwind=/libunwind   conftest.c >&5
conftest.c:25:14: warning: function declaration isn't a prototype [-Wstrict-prototypes]
   25 | static char *e (p, i)
      |              ^
conftest.c: In function 'test_varargs':
conftest.c:152:21: warning: conversion from 'double' to 'float' may change value [-Wfloat-conversion]
  152 |           fnumber = va_arg (args_copy, double);
      |                     ^~~~~~
conftest.c:161:25: warning: comparing floating-point with '==' or '!=' is unsafe [-Wfloat-equal]
  161 |   return *str && number && fnumber;
      |                         ^~
conftest.c: At top level:
conftest.c:167:3: error: #error "Compiler does not advertise C11 conformance"
  167 | # error "Compiler does not advertise C11 conformance"
      |   ^~~~~
conftest.c:186:1: warning: '_Noreturn' is not at beginning of declaration [-Wold-style-declaration]
  186 | int _Noreturn does_not_return (void) { for (;;) continue; }
      | ^~~
conftest.c:198:12: error: 'syntax' undeclared here (not in a function)
  198 | #define u8 syntax error!
      |            ^~~~~~
conftest.c:199:29: note: in expansion of macro 'u8'
  199 | char const utf8_literal[] = u8"happens to be ASCII" "another string";
      |                             ^~
conftest.c:198:19: error: expected ',' or ';' before 'error'
  198 | #define u8 syntax error!
      |                   ^~~~~
conftest.c:199:29: note: in expansion of macro 'u8'
  199 | char const utf8_literal[] = u8"happens to be ASCII" "another string";
      |                             ^~
conftest.c: In function 'main':
conftest.c:235:3: warning: unsuffixed floating constant [-Wunsuffixed-float-constants]
  235 |   success &= test_varargs ("s, d' f .", "string", 65, 34.234);
      |   ^~~~~~~
conftest.c:243:5: warning: unsuffixed floating constant [-Wunsuffixed-float-constants]
  243 |     ia->data[i] = i * 1.234;
      |     ^~
conftest.c:249:5: warning: unsuffixed floating constant [-Wunsuffixed-float-constants]
  249 |     .average = 543.34343,
      |     ^
configure:5028: $? = 1
configure: failed program was:
| /* confdefs.h */
| #define PACKAGE_NAME "libunwind"
| #define PACKAGE_TARNAME "libunwind"
| #define PACKAGE_VERSION "1.3.1"
| #define PACKAGE_STRING "libunwind 1.3.1"
| #define PACKAGE_BUGREPORT "libunwind-devel@nongnu.org"
| #define PACKAGE_URL ""
| #define PACKAGE "libunwind"
| #define VERSION "1.3.1"
| /* end confdefs.h.  */
| 
| /* Does the compiler advertise C89 conformance?
|    Do not test the value of __STDC__, because some compilers set it to 0
|    while being otherwise adequately conformant. */
| #if !defined __STDC__
| # error "Compiler does not advertise C89 conformance"
| #endif
| 
| #include <stddef.h>
| #include <stdarg.h>
| struct stat;
| /* Most of the following tests are stolen from RCS 5.7 src/conf.sh.  */
| struct buf { int x; };
| struct buf * (*rcsopen) (struct buf *, struct stat *, int);
| static char *e (p, i)
|      char **p;
|      int i;
| {
|   return p[i];
| }
| static char *f (char * (*g) (char **, int), char **p, ...)
| {
|   char *s;
|   va_list v;
|   va_start (v,p);
|   s = g (p, va_arg (v,int));
|   va_end (v);
|   return s;
| }
| 
| /* OSF 4.0 Compaq cc is some sort of almost-ANSI by default.  It has
|    function prototypes and stuff, but not \xHH hex character constants.
|    These do not provoke an error unfortunately, instead are silently treated
|    as an "x".  The following induces an error, until -std is added to get
|    proper ANSI mode.  Curiously \x00 != x always comes out true, for an
|    array size at least.  It is necessary to write \x00 == 0 to get something
|    that is true only with -std.  */
| int osf4_cc_array ['\x00' == 0 ? 1 : -1];
| 
| /* IBM C 6 for AIX is almost-ANSI by default, but it replaces macro parameters
|    inside strings and character constants.  */
| #define FOO(x) 'x'
| int xlc6_cc_array[FOO(a) == 'x' ? 1 : -1];
| 
| int test (int i, double x);
| struct s1 {int (*f) (int a);};
| struct s2 {int (*f) (double a);};
| int pairnames (int, char **, int *(*)(struct buf *, struct stat *, int),
|                int, int);
| 
| // Does the compiler advertise C99 conformance?
| #if !defined __STDC_VERSION__ || __STDC_VERSION__ < 199901L
| # error "Compiler does not advertise C99 conformance"
| #endif
| 
| #include <stdbool.h>
| extern int puts (const char *);
| extern int printf (const char *, ...);
| extern int dprintf (int, const char *, ...);
| extern void *malloc (size_t);
| 
| // Check varargs macros.  These examples are taken from C99 6.10.3.5.
| // dprintf is used instead of fprintf to avoid needing to declare
| // FILE and stderr.
| #define debug(...) dprintf (2, __VA_ARGS__)
| #define showlist(...) puts (#__VA_ARGS__)
| #define report(test,...) ((test) ? puts (#test) : printf (__VA_ARGS__))
| static void
| test_varargs_macros (void)
| {
|   int x = 1234;
|   int y = 5678;
|   debug ("Flag");
|   debug ("X = %d\n", x);
|   showlist (The first, second, and third items.);
|   report (x>y, "x is %d but y is %d", x, y);
| }
| 
| // Check long long types.
| #define BIG64 18446744073709551615ull
| #define BIG32 4294967295ul
| #define BIG_OK (BIG64 / BIG32 == 4294967297ull && BIG64 % BIG32 == 0)
| #if !BIG_OK
|   #error "your preprocessor is broken"
| #endif
| #if BIG_OK
| #else
|   #error "your preprocessor is broken"
| #endif
| static long long int bignum = -9223372036854775807LL;
| static unsigned long long int ubignum = BIG64;
| 
| struct incomplete_array
| {
|   int datasize;
|   double data[];
| };
| 
| struct named_init {
|   int number;
|   const wchar_t *name;
|   double average;
| };
| 
| typedef const char *ccp;
| 
| static inline int
| test_restrict (ccp restrict text)
| {
|   // See if C++-style comments work.
|   // Iterate through items via the restricted pointer.
|   // Also check for declarations in for loops.
|   for (unsigned int i = 0; *(text+i) != '\0'; ++i)
|     continue;
|   return 0;
| }
| 
| // Check varargs and va_copy.
| static bool
| test_varargs (const char *format, ...)
| {
|   va_list args;
|   va_start (args, format);
|   va_list args_copy;
|   va_copy (args_copy, args);
| 
|   const char *str = "";
|   int number = 0;
|   float fnumber = 0;
| 
|   while (*format)
|     {
|       switch (*format++)
| 	{
| 	case 's': // string
| 	  str = va_arg (args_copy, const char *);
| 	  break;
| 	case 'd': // int
| 	  number = va_arg (args_copy, int);
| 	  break;
| 	case 'f': // float
| 	  fnumber = va_arg (args_copy, double);
| 	  break;
| 	default:
| 	  break;
| 	}
|     }
|   va_end (args_copy);
|   va_end (args);
| 
|   return *str && number && fnumber;
| }
| 
| 
| // Does the compiler advertise C11 conformance?
| #if !defined __STDC_VERSION__ || __STDC_VERSION__ < 201112L
| # error "Compiler does not advertise C11 conformance"
| #endif
| 
| // Check _Alignas.
| char _Alignas (double) aligned_as_double;
| char _Alignas (0) no_special_alignment;
| extern char aligned_as_int;
| char _Alignas (0) _Alignas (int) aligned_as_int;
| 
| // Check _Alignof.
| enum
| {
|   int_alignment = _Alignof (int),
|   int_array_alignment = _Alignof (int[100]),
|   char_alignment = _Alignof (char)
| };
| _Static_assert (0 < -_Alignof (int), "_Alignof is signed");
| 
| // Check _Noreturn.
| int _Noreturn does_not_return (void) { for (;;) continue; }
| 
| // Check _Static_assert.
| struct test_static_assert
| {
|   int x;
|   _Static_assert (sizeof (int) <= sizeof (long int),
|                   "_Static_assert does not work in struct");
|   long int y;
| };
| 
| // Check UTF-8 literals.
| #define u8 syntax error!
| char const utf8_literal[] = u8"happens to be ASCII" "another string";
| 
| // Check duplicate typedefs.
| typedef long *long_ptr;
| typedef long int *long_ptr;
| typedef long_ptr long_ptr;
| 
| // Anonymous structures and unions -- taken from C11 6.7.2.1 Example 1.
| struct anonymous
| {
|   union {
|     struct { int i; int j; };
|     struct { int k; long int l; } w;
|   };
|   int m;
| } v1;
| 
| 
| int
| main (int argc, char **argv)
| {
|   int ok = 0;
|   
| ok |= (argc == 0 || f (e, argv, 0) != argv[0] || f (e, argv, 1) != argv[1]);
| 
|   
|   // Check bool.
|   _Bool success = false;
|   success |= (argc != 0);
| 
|   // Check restrict.
|   if (test_restrict ("String literal") == 0)
|     success = true;
|   char *restrict newvar = "Another string";
| 
|   // Check varargs.
|   success &= test_varargs ("s, d' f .", "string", 65, 34.234);
|   test_varargs_macros ();
| 
|   // Check flexible array members.
|   struct incomplete_array *ia =
|     malloc (sizeof (struct incomplete_array) + (sizeof (double) * 10));
|   ia->datasize = 10;
|   for (int i = 0; i < ia->datasize; ++i)
|     ia->data[i] = i * 1.234;
| 
|   // Check named initializers.
|   struct named_init ni = {
|     .number = 34,
|     .name = L"Test wide string",
|     .average = 543.34343,
|   };
| 
|   ni.number = 58;
| 
|   int dynamic_array[ni.number];
|   dynamic_array[0] = argv[0][0];
|   dynamic_array[ni.number - 1] = 543;
| 
|   // work around unused variable warnings
|   ok |= (!success || bignum == 0LL || ubignum == 0uLL || newvar[0] == 'x'
| 	 || dynamic_array[ni.number - 1] != 543);
| 
|   
|   _Static_assert ((offsetof (struct anonymous, i)
| 		   == offsetof (struct anonymous, w.k)),
| 		  "Anonymous union alignment botch");
|   v1.i = 2;
|   v1.w.k = 5;
|   ok |= v1.i != 5;
| 
|   return ok;
| }
| 
configure:5041: result: unsupported
configure:5059: checking for gcc option to enable C99 features
configure:5074: gcc  -c -Wjump-misses-init -Wstrict-prototypes -Wunsuffixed-float-constants -O2 -D_FORTIFY_SOURCE=3 -UDEBUG -DNDEBUG -fstack-clash-protection -ffunction-sections -fdata-sections -fstack-protector-strong -D_GLIBCXX_ASSERTIONS -Wall -Wextra -Winit-self -Wpointer-arith -Wreturn-type -Waddress -Wsequence-point -Wformat-security -Wmissing-include-dirs -Wfloat-equal -Wundef -Wshadow -Wcast-align -Wconversion -Wredundant-decls -Wimplicit-fallthrough -DITT_ARCH_IA64 -fcf-protection -ffreestanding -fvisibility=hidden -fpie -fno-strict-overflow -fno-delete-null-pointer-checks -B/usr/local/bin -Werror=format-security -DLIBCXXRT_NO_DEFAULT_TERMINATE_DIAGNOSTICS -DLIBCXXRT_NO_EMERGENCY_MALLOC -std=c99 -fno-builtin -DHAVE_SGX=1 -fPIC -DUNW_LOCAL_ONLY -fdebug-prefix-map=/data1/hz/linux-sgx-mage/sdk/cpprt/linux/libunwind=/libunwind   conftest.c >&5
conftest.c:25:14: warning: function declaration isn't a prototype [-Wstrict-prototypes]
   25 | static char *e (p, i)
      |              ^
conftest.c: In function 'test_varargs':
conftest.c:152:21: warning: conversion from 'double' to 'float' may change value [-Wfloat-conversion]
  152 |           fnumber = va_arg (args_copy, double);
      |                     ^~~~~~
conftest.c:161:25: warning: comparing floating-point with '==' or '!=' is unsafe [-Wfloat-equal]
  161 |   return *str && number && fnumber;
      |                         ^~
conftest.c: In function 'main':
conftest.c:183:3: warning: unsuffixed floating constant [-Wunsuffixed-float-constants]
  183 |   success &= test_varargs ("s, d' f .", "string", 65, 34.234);
      |   ^~~~~~~
conftest.c:191:5: warning: unsuffixed floating constant [-Wunsuffixed-float-constants]
  191 |     ia->data[i] = i * 1.234;
      |     ^~
conftest.c:197:5: warning: unsuffixed floating constant [-Wunsuffixed-float-constants]
  197 |     .average = 543.34343,
      |     ^
configure:5074: $? = 0
configure:5092: result: none needed
configure:5162: checking whether gcc understands -c and -o together
configure:5185: gcc -c conftest.c -o conftest2.o
configure:5188: $? = 0
configure:5185: gcc -c conftest.c -o conftest2.o
configure:5188: $? = 0
configure:5200: result: yes
configure:5220: checking whether make supports the include directive
configure:5235: make -f confmf.GNU && cat confinc.out
make[4]: Entering directory '/data1/hz/linux-sgx-mage/sdk/cpprt/linux/libunwind'
make[4]: Leaving directory '/data1/hz/linux-sgx-mage/sdk/cpprt/linux/libunwind'
this is the am__doit target
configure:5238: $? = 0
configure:5257: result: yes (GNU style)
configure:5283: checking dependency style of gcc
configure:5395: result: gcc3
configure:5479: checking for g++
configure:5500: found /usr/bin/g++
configure:5511: result: g++
configure:5538: checking for C++ compiler version
configure:5547: g++ --version >&5
g++ (Ubuntu 13.3.0-6ubuntu2~24.04.1) 13.3.0
Copyright (C) 2023 Free Software Foundation, Inc.
This is free software; see the source for copying conditions.  There is NO
warranty; not even for MERCHANTABILITY or FITNESS FOR A PARTICULAR PURPOSE.

configure:5558: $? = 0
configure:5547: g++ -v >&5
Using built-in specs.
COLLECT_GCC=g++
COLLECT_LTO_WRAPPER=/usr/libexec/gcc/x86_64-linux-gnu/13/lto-wrapper
OFFLOAD_TARGET_NAMES=nvptx-none:amdgcn-amdhsa
OFFLOAD_TARGET_DEFAULT=1
Target: x86_64-linux-gnu
Configured with: ../src/configure -v --with-pkgversion='Ubuntu 13.3.0-6ubuntu2~24.04.1' --with-bugurl=file:///usr/share/doc/gcc-13/README.Bugs --enable-languages=c,ada,c++,go,d,fortran,objc,obj-c++,m2 --prefix=/usr --with-gcc-major-version-only --program-suffix=-13 --program-prefix=x86_64-linux-gnu- --enable-shared --enable-linker-build-id --libexecdir=/usr/libexec --without-included-gettext --enable-threads=posix --libdir=/usr/lib --enable-nls --enable-bootstrap --enable-clocale=gnu --enable-libstdcxx-debug --enable-libstdcxx-time=yes --with-default-libstdcxx-abi=new --enable-libstdcxx-backtrace --enable-gnu-unique-object --disable-vtable-verify --enable-plugin --enable-default-pie --with-system-zlib --enable-libphobos-checking=release --with-target-system-zlib=auto --enable-objc-gc=auto --enable-multiarch --disable-werror --enable-cet --with-arch-32=i686 --with-abi=m64 --with-multilib-list=m32,m64,mx32 --enable-multilib --with-tune=generic --enable-offload-targets=nvptx-none=/build/gcc-13-EldibY/gcc-13-13.3.0/debian/tmp-nvptx/usr,amdgcn-amdhsa=/build/gcc-13-EldibY/gcc-13-13.3.0/debian/tmp-gcn/usr --enable-offload-defaulted --without-cuda-driver --enable-checking=release --build=x86_64-linux-gnu --host=x86_64-linux-gnu --target=x86_64-linux-gnu --with-build-config=bootstrap-lto-lean --enable-link-serialization=2
Thread model: posix
Supported LTO compression algorithms: zlib zstd
gcc version 13.3.0 (Ubuntu 13.3.0-6ubuntu2~24.04.1) 
... rest of stderr output deleted ...
configure:5558: $? = 0
configure:5547: g++ -V >&5
g++: error: unrecognized command-line option '-V'
g++: fatal error: no input files
compilation terminated.
configure:5558: $? = 1
configure:5547: g++ -qversion >&5
g++: error: unrecognized command-line option '-qversion'; did you mean '--version'?
g++: fatal error: no input files
compilation terminated.
configure:5558: $? = 1
configure:5562: checking whether the compiler supports GNU C++
configure:5582: g++ -c   conftest.cpp >&5
configure:5582: $? = 0
configure:5592: result: yes
configure:5603: checking whether g++ accepts -g
configure:5624: g++ -c -g  conftest.cpp >&5
configure:5624: $? = 0
configure:5668: result: yes
configure:5688: checking for g++ option to enable C++11 features
configure:5703: g++  -c -g -O2  conftest.cpp >&5
conftest.cpp: In function 'int main(int, char**)':
conftest.cpp:177:25: warning: empty parentheses were disambiguated as a function declaration [-Wvexing-parse]
  177 |   cxx11test::delegate d2();
      |                         ^~
conftest.cpp:177:25: note: remove parentheses to default-initialize a variable
  177 |   cxx11test::delegate d2();
      |                         ^~
      |                         --
conftest.cpp:177:25: note: or replace parentheses with braces to value-initialize a variable
configure:5703: $? = 0
configure:5721: result: none needed
configure:5787: checking dependency style of g++
configure:5899: result: gcc3
configure:5915: checking whether make sets $(MAKE)
configure:5938: result: yes
configure:6003: checking for ar
configure:6024: found /usr/bin/ar
configure:6035: result: ar
configure:6061: checking the archiver (ar) interface
configure:6078: gcc -c -Wjump-misses-init -Wstrict-prototypes -Wunsuffixed-float-constants -O2 -D_FORTIFY_SOURCE=3 -UDEBUG -DNDEBUG -fstack-clash-protection -ffunction-sections -fdata-sections -fstack-protector-strong -D_GLIBCXX_ASSERTIONS -Wall -Wextra -Winit-self -Wpointer-arith -Wreturn-type -Waddress -Wsequence-point -Wformat-security -Wmissing-include-dirs -Wfloat-equal -Wundef -Wshadow -Wcast-align -Wconversion -Wredundant-decls -Wimplicit-fallthrough -DITT_ARCH_IA64 -fcf-protection -ffreestanding -fvisibility=hidden -fpie -fno-strict-overflow -fno-delete-null-pointer-checks -B/usr/local/bin -Werror=format-security -DLIBCXXRT_NO_DEFAULT_TERMINATE_DIAGNOSTICS -DLIBCXXRT_NO_EMERGENCY_MALLOC -std=c99 -fno-builtin -DHAVE_SGX=1 -fPIC -DUNW_LOCAL_ONLY -fdebug-prefix-map=/data1/hz/linux-sgx-mage/sdk/cpprt/linux/libunwind=/libunwind   conftest.c >&5
configure:6078: $? = 0
configure:6081: ar cru libconftest.a conftest.o >&5
ar: `u' modifier ignored since `D' is the default (see `U')
configure:6084: $? = 0
configure:6112: result: ar
configure:6179: checking how to print strings
configure:6206: result: printf
configure:6227: checking for a sed that does not truncate output
configure:6297: result: /usr/bin/sed
configure:6315: checking for grep that handles long lines and -e
configure:6379: result: /usr/bin/grep
configure:6384: checking for egrep
configure:6452: result: /usr/bin/grep -E
configure:6457: checking for fgrep
configure:6525: result: /usr/bin/grep -F
configure:6561: checking for ld used by gcc
configure:6629: result: /usr/local/bin/ld
configure:6636: checking if the linker (/usr/local/bin/ld) is GNU ld
configure:6652: result: yes
configure:6664: checking for BSD- or MS-compatible name lister (nm)
configure:6719: result: /usr/bin/nm -B
configure:6859: checking the name lister (/usr/bin/nm -B) interface
configure:6867: gcc -c -Wjump-misses-init -Wstrict-prototypes -Wunsuffixed-float-constants -O2 -D_FORTIFY_SOURCE=3 -UDEBUG -DNDEBUG -fstack-clash-protection -ffunction-sections -fdata-sections -fstack-protector-strong -D_GLIBCXX_ASSERTIONS -Wall -Wextra -Winit-self -Wpointer-arith -Wreturn-type -Waddress -Wsequence-point -Wformat-security -Wmissing-include-dirs -Wfloat-equal -Wundef -Wshadow -Wcast-align -Wconversion -Wredundant-decls -Wimplicit-fallthrough -DITT_ARCH_IA64 -fcf-protection -ffreestanding -fvisibility=hidden -fpie -fno-strict-overflow -fno-delete-null-pointer-checks -B/usr/local/bin -Werror=format-security -DLIBCXXRT_NO_DEFAULT_TERMINATE_DIAGNOSTICS -DLIBCXXRT_NO_EMERGENCY_MALLOC -std=c99 -fno-builtin -DHAVE_SGX=1 -fPIC -DUNW_LOCAL_ONLY -fdebug-prefix-map=/data1/hz/linux-sgx-mage/sdk/cpprt/linux/libunwind=/libunwind   conftest.c >&5
configure:6870: /usr/bin/nm -B "conftest.o"
configure:6873: output
0000000000000000 B some_variable
configure:6880: result: BSD nm
configure:6883: checking whether ln -s works
configure:6887: result: yes
configure:6895: checking the maximum length of command line arguments
configure:7027: result: 1572864
configure:7075: checking how to convert x86_64-pc-linux-gnu file names to x86_64-pc-linux-gnu format
configure:7116: result: func_convert_file_noop
configure:7123: checking how to convert x86_64-pc-linux-gnu file names to toolchain format
configure:7144: result: func_convert_file_noop
configure:7151: checking for /usr/local/bin/ld option to reload object files
configure:7159: result: -r
configure:7238: checking for file
configure:7259: found /usr/bin/file
configure:7270: result: file
configure:7346: checking for objdump
configure:7367: found /usr/local/bin/objdump
configure:7378: result: objdump
configure:7410: checking how to recognize dependent libraries
configure:7611: result: pass_all
configure:7701: checking for dlltool
configure:7736: result: no
configure:7766: checking how to associate runtime and link libraries
configure:7794: result: printf %s\n
configure:7944: checking for archiver @FILE support
configure:7962: gcc -c -Wjump-misses-init -Wstrict-prototypes -Wunsuffixed-float-constants -O2 -D_FORTIFY_SOURCE=3 -UDEBUG -DNDEBUG -fstack-clash-protection -ffunction-sections -fdata-sections -fstack-protector-strong -D_GLIBCXX_ASSERTIONS -Wall -Wextra -Winit-self -Wpointer-arith -Wreturn-type -Waddress -Wsequence-point -Wformat-security -Wmissing-include-dirs -Wfloat-equal -Wundef -Wshadow -Wcast-align -Wconversion -Wredundant-decls -Wimplicit-fallthrough -DITT_ARCH_IA64 -fcf-protection -ffreestanding -fvisibility=hidden -fpie -fno-strict-overflow -fno-delete-null-pointer-checks -B/usr/local/bin -Werror=format-security -DLIBCXXRT_NO_DEFAULT_TERMINATE_DIAGNOSTICS -DLIBCXXRT_NO_EMERGENCY_MALLOC -std=c99 -fno-builtin -DHAVE_SGX=1 -fPIC -DUNW_LOCAL_ONLY -fdebug-prefix-map=/data1/hz/linux-sgx-mage/sdk/cpprt/linux/libunwind=/libunwind   conftest.c >&5
configure:7962: $? = 0
configure:7966: ar cr libconftest.a @conftest.lst >&5
configure:7969: $? = 0
configure:7974: ar cr libconftest.a @conftest.lst >&5
ar: conftest.o: No such file or directory
configure:7977: $? = 1
configure:7989: result: @
configure:8052: checking for strip
configure:8073: found /usr/bin/strip
configure:8084: result: strip
configure:8161: checking for ranlib
configure:8182: found /usr/bin/ranlib
configure:8193: result: ranlib
configure:8295: checking command to parse /usr/bin/nm -B output from gcc object
configure:8449: gcc -c -Wjump-misses-init -Wstrict-prototypes -Wunsuffixed-float-constants -O2 -D_FORTIFY_SOURCE=3 -UDEBUG -DNDEBUG -fstack-clash-protection -ffunction-sections -fdata-sections -fstack-protector-strong -D_GLIBCXX_ASSERTIONS -Wall -Wextra -Winit-self -Wpointer-arith -Wreturn-type -Waddress -Wsequence-point -Wformat-security -Wmissing-include-dirs -Wfloat-equal -Wundef -Wshadow -Wcast-align -Wconversion -Wredundant-decls -Wimplicit-fallthrough -DITT_ARCH_IA64 -fcf-protection -ffreestanding -fvisibility=hidden -fpie -fno-strict-overflow -fno-delete-null-pointer-checks -B/usr/local/bin -Werror=format-security -DLIBCXXRT_NO_DEFAULT_TERMINATE_DIAGNOSTICS -DLIBCXXRT_NO_EMERGENCY_MALLOC -std=c99 -fno-builtin -DHAVE_SGX=1 -fPIC -DUNW_LOCAL_ONLY -fdebug-prefix-map=/data1/hz/linux-sgx-mage/sdk/cpprt/linux/libunwind=/libunwind   conftest.c >&5
conftest.c:10:5: warning: function declaration isn't a prototype [-Wstrict-prototypes]
   10 | int main(){nm_test_var='a';nm_test_func();return(0);}
      |     ^~~~
configure:8452: $? = 0
configure:8456: /usr/bin/nm -B conftest.o | /usr/bin/sed -n -e 's/^.*[	 ]\([ABCDGIRSTW][ABCDGIRSTW]*\)[	 ][	 ]*\([_A-Za-z][_A-Za-z0-9]*\)$/\1 \2 \2/p' | /usr/bin/sed '/ __gnu_lto/d' > conftest.nm
configure:8522: gcc -o conftest -Wjump-misses-init -Wstrict-prototypes -Wunsuffixed-float-constants -O2 -D_FORTIFY_SOURCE=3 -UDEBUG -DNDEBUG -fstack-clash-protection -ffunction-sections -fdata-sections -fstack-protector-strong -D_GLIBCXX_ASSERTIONS -Wall -Wextra -Winit-self -Wpointer-arith -Wreturn-type -Waddress -Wsequence-point -Wformat-security -Wmissing-include-dirs -Wfloat-equal -Wundef -Wshadow -Wcast-align -Wconversion -Wredundant-decls -Wimplicit-fallthrough -DITT_ARCH_IA64 -fcf-protection -ffreestanding -fvisibility=hidden -fpie -fno-strict-overflow -fno-delete-null-pointer-checks -B/usr/local/bin -Werror=format-security -DLIBCXXRT_NO_DEFAULT_TERMINATE_DIAGNOSTICS -DLIBCXXRT_NO_EMERGENCY_MALLOC -std=c99 -fno-builtin -DHAVE_SGX=1 -fPIC -DUNW_LOCAL_ONLY -fdebug-prefix-map=/data1/hz/linux-sgx-mage/sdk/cpprt/linux/libunwind=/libunwind    conftest.c conftstm.o >&5
conftest.c:18:1: warning: function declaration isn't a prototype [-Wstrict-prototypes]
   18 | extern int nm_test_func();
      | ^~~~~~
configure:8525: $? = 0
configure:8563: result: ok
configure:8610: checking for sysroot
configure:8641: result: no
configure:8648: checking for a working dd
configure:8692: result: /usr/bin/dd
configure:8696: checking how to truncate binary pipes
configure:8712: result: /usr/bin/dd bs=4096 count=1
configure:8849: gcc -c -Wjump-misses-init -Wstrict-prototypes -Wunsuffixed-float-constants -O2 -D_FORTIFY_SOURCE=3 -UDEBUG -DNDEBUG -fstack-clash-protection -ffunction-sections -fdata-sections -fstack-protector-strong -D_GLIBCXX_ASSERTIONS -Wall -Wextra -Winit-self -Wpointer-arith -Wreturn-type -Waddress -Wsequence-point -Wformat-security -Wmissing-include-dirs -Wfloat-equal -Wundef -Wshadow -Wcast-align -Wconversion -Wredundant-decls -Wimplicit-fallthrough -DITT_ARCH_IA64 -fcf-protection -ffreestanding -fvisibility=hidden -fpie -fno-strict-overflow -fno-delete-null-pointer-checks -B/usr/local/bin -Werror=format-security -DLIBCXXRT_NO_DEFAULT_TERMINATE_DIAGNOSTICS -DLIBCXXRT_NO_EMERGENCY_MALLOC -std=c99 -fno-builtin -DHAVE_SGX=1 -fPIC -DUNW_LOCAL_ONLY -fdebug-prefix-map=/data1/hz/linux-sgx-mage/sdk/cpprt/linux/libunwind=/libunwind   conftest.c >&5
configure:8852: $? = 0
configure:9049: checking for mt
configure:9070: found /usr/bin/mt
configure:9081: result: mt
configure:9104: checking if mt is a manifest tool
configure:9111: mt '-?'
configure:9119: result: no
configure:9844: checking for stdio.h
configure:9844: gcc -c -Wjump-misses-init -Wstrict-prototypes -Wunsuffixed-float-constants -O2 -D_FORTIFY_SOURCE=3 -UDEBUG -DNDEBUG -fstack-clash-protection -ffunction-sections -fdata-sections -fstack-protector-strong -D_GLIBCXX_ASSERTIONS -Wall -Wextra -Winit-self -Wpointer-arith -Wreturn-type -Waddress -Wsequence-point -Wformat-security -Wmissing-include-dirs -Wfloat-equal -Wundef -Wshadow -Wcast-align -Wconversion -Wredundant-decls -Wimplicit-fallthrough -DITT_ARCH_IA64 -fcf-protection -ffreestanding -fvisibility=hidden -fpie -fno-strict-overflow -fno-delete-null-pointer-checks -B/usr/local/bin -Werror=format-security -DLIBCXXRT_NO_DEFAULT_TERMINATE_DIAGNOSTICS -DLIBCXXRT_NO_EMERGENCY_MALLOC -std=c99 -fno-builtin -DHAVE_SGX=1 -fPIC -DUNW_LOCAL_ONLY -fdebug-prefix-map=/data1/hz/linux-sgx-mage/sdk/cpprt/linux/libunwind=/libunwind   conftest.c >&5
configure:9844: $? = 0
configure:9844: result: yes
configure:9844: checking for stdlib.h
configure:9844: gcc -c -Wjump-misses-init -Wstrict-prototypes -Wunsuffixed-float-constants -O2 -D_FORTIFY_SOURCE=3 -UDEBUG -DNDEBUG -fstack-clash-protection -ffunction-sections -fdata-sections -fstack-protector-strong -D_GLIBCXX_ASSERTIONS -Wall -Wextra -Winit-self -Wpointer-arith -Wreturn-type -Waddress -Wsequence-point -Wformat-security -Wmissing-include-dirs -Wfloat-equal -Wundef -Wshadow -Wcast-align -Wconversion -Wredundant-decls -Wimplicit-fallthrough -DITT_ARCH_IA64 -fcf-protection -ffreestanding -fvisibility=hidden -fpie -fno-strict-overflow -fno-delete-null-pointer-checks -B/usr/local/bin -Werror=format-security -DLIBCXXRT_NO_DEFAULT_TERMINATE_DIAGNOSTICS -DLIBCXXRT_NO_EMERGENCY_MALLOC -std=c99 -fno-builtin -DHAVE_SGX=1 -fPIC -DUNW_LOCAL_ONLY -fdebug-prefix-map=/data1/hz/linux-sgx-mage/sdk/cpprt/linux/libunwind=/libunwind   conftest.c >&5
configure:9844: $? = 0
configure:9844: result: yes
configure:9844: checking for string.h
configure:9844: gcc -c -Wjump-misses-init -Wstrict-prototypes -Wunsuffixed-float-constants -O2 -D_FORTIFY_SOURCE=3 -UDEBUG -DNDEBUG -fstack-clash-protection -ffunction-sections -fdata-sections -fstack-protector-strong -D_GLIBCXX_ASSERTIONS -Wall -Wextra -Winit-self -Wpointer-arith -Wreturn-type -Waddress -Wsequence-point -Wformat-security -Wmissing-include-dirs -Wfloat-equal -Wundef -Wshadow -Wcast-align -Wconversion -Wredundant-decls -Wimplicit-fallthrough -DITT_ARCH_IA64 -fcf-protection -ffreestanding -fvisibility=hidden -fpie -fno-strict-overflow -fno-delete-null-pointer-checks -B/usr/local/bin -Werror=format-security -DLIBCXXRT_NO_DEFAULT_TERMINATE_DIAGNOSTICS -DLIBCXXRT_NO_EMERGENCY_MALLOC -std=c99 -fno-builtin -DHAVE_SGX=1 -fPIC -DUNW_LOCAL_ONLY -fdebug-prefix-map=/data1/hz/linux-sgx-mage/sdk/cpprt/linux/libunwind=/libunwind   conftest.c >&5
configure:9844: $? = 0
configure:9844: result: yes
configure:9844: checking for inttypes.h
configure:9844: gcc -c -Wjump-misses-init -Wstrict-prototypes -Wunsuffixed-float-constants -O2 -D_FORTIFY_SOURCE=3 -UDEBUG -DNDEBUG -fstack-clash-protection -ffunction-sections -fdata-sections -fstack-protector-strong -D_GLIBCXX_ASSERTIONS -Wall -Wextra -Winit-self -Wpointer-arith -Wreturn-type -Waddress -Wsequence-point -Wformat-security -Wmissing-include-dirs -Wfloat-equal -Wundef -Wshadow -Wcast-align -Wconversion -Wredundant-decls -Wimplicit-fallthrough -DITT_ARCH_IA64 -fcf-protection -ffreestanding -fvisibility=hidden -fpie -fno-strict-overflow -fno-delete-null-pointer-checks -B/usr/local/bin -Werror=format-security -DLIBCXXRT_NO_DEFAULT_TERMINATE_DIAGNOSTICS -DLIBCXXRT_NO_EMERGENCY_MALLOC -std=c99 -fno-builtin -DHAVE_SGX=1 -fPIC -DUNW_LOCAL_ONLY -fdebug-prefix-map=/data1/hz/linux-sgx-mage/sdk/cpprt/linux/libunwind=/libunwind   conftest.c >&5
configure:9844: $? = 0
configure:9844: result: yes
configure:9844: checking for stdint.h
configure:9844: gcc -c -Wjump-misses-init -Wstrict-prototypes -Wunsuffixed-float-constants -O2 -D_FORTIFY_SOURCE=3 -UDEBUG -DNDEBUG -fstack-clash-protection -ffunction-sections -fdata-sections -fstack-protector-strong -D_GLIBCXX_ASSERTIONS -Wall -Wextra -Winit-self -Wpointer-arith -Wreturn-type -Waddress -Wsequence-point -Wformat-security -Wmissing-include-dirs -Wfloat-equal -Wundef -Wshadow -Wcast-align -Wconversion -Wredundant-decls -Wimplicit-fallthrough -DITT_ARCH_IA64 -fcf-protection -ffreestanding -fvisibility=hidden -fpie -fno-strict-overflow -fno-delete-null-pointer-checks -B/usr/local/bin -Werror=format-security -DLIBCXXRT_NO_DEFAULT_TERMINATE_DIAGNOSTICS -DLIBCXXRT_NO_EMERGENCY_MALLOC -std=c99 -fno-builtin -DHAVE_SGX=1 -fPIC -DUNW_LOCAL_ONLY -fdebug-prefix-map=/data1/hz/linux-sgx-mage/sdk/cpprt/linux/libunwind=/libunwind   conftest.c >&5
configure:9844: $? = 0
configure:9844: result: yes
configure:9844: checking for strings.h
configure:9844: gcc -c -Wjump-misses-init -Wstrict-prototypes -Wunsuffixed-float-constants -O2 -D_FORTIFY_SOURCE=3 -UDEBUG -DNDEBUG -fstack-clash-protection -ffunction-sections -fdata-sections -fstack-protector-strong -D_GLIBCXX_ASSERTIONS -Wall -Wextra -Winit-self -Wpointer-arith -Wreturn-type -Waddress -Wsequence-point -Wformat-security -Wmissing-include-dirs -Wfloat-equal -Wundef -Wshadow -Wcast-align -Wconversion -Wredundant-decls -Wimplicit-fallthrough -DITT_ARCH_IA64 -fcf-protection -ffreestanding -fvisibility=hidden -fpie -fno-strict-overflow -fno-delete-null-pointer-checks -B/usr/local/bin -Werror=format-security -DLIBCXXRT_NO_DEFAULT_TERMINATE_DIAGNOSTICS -DLIBCXXRT_NO_EMERGENCY_MALLOC -std=c99 -fno-builtin -DHAVE_SGX=1 -fPIC -DUNW_LOCAL_ONLY -fdebug-prefix-map=/data1/hz/linux-sgx-mage/sdk/cpprt/linux/libunwind=/libunwind   conftest.c >&5
configure:9844: $? = 0
configure:9844: result: yes
configure:9844: checking for sys/stat.h
configure:9844: gcc -c -Wjump-misses-init -Wstrict-prototypes -Wunsuffixed-float-constants -O2 -D_FORTIFY_SOURCE=3 -UDEBUG -DNDEBUG -fstack-clash-protection -ffunction-sections -fdata-sections -fstack-protector-strong -D_GLIBCXX_ASSERTIONS -Wall -Wextra -Winit-self -Wpointer-arith -Wreturn-type -Waddress -Wsequence-point -Wformat-security -Wmissing-include-dirs -Wfloat-equal -Wundef -Wshadow -Wcast-align -Wconversion -Wredundant-decls -Wimplicit-fallthrough -DITT_ARCH_IA64 -fcf-protection -ffreestanding -fvisibility=hidden -fpie -fno-strict-overflow -fno-delete-null-pointer-checks -B/usr/local/bin -Werror=format-security -DLIBCXXRT_NO_DEFAULT_TERMINATE_DIAGNOSTICS -DLIBCXXRT_NO_EMERGENCY_MALLOC -std=c99 -fno-builtin -DHAVE_SGX=1 -fPIC -DUNW_LOCAL_ONLY -fdebug-prefix-map=/data1/hz/linux-sgx-mage/sdk/cpprt/linux/libunwind=/libunwind   conftest.c >&5
configure:9844: $? = 0
configure:9844: result: yes
configure:9844: checking for sys/types.h
configure:9844: gcc -c -Wjump-misses-init -Wstrict-prototypes -Wunsuffixed-float-constants -O2 -D_FORTIFY_SOURCE=3 -UDEBUG -DNDEBUG -fstack-clash-protection -ffunction-sections -fdata-sections -fstack-protector-strong -D_GLIBCXX_ASSERTIONS -Wall -Wextra -Winit-self -Wpointer-arith -Wreturn-type -Waddress -Wsequence-point -Wformat-security -Wmissing-include-dirs -Wfloat-equal -Wundef -Wshadow -Wcast-align -Wconversion -Wredundant-decls -Wimplicit-fallthrough -DITT_ARCH_IA64 -fcf-protection -ffreestanding -fvisibility=hidden -fpie -fno-strict-overflow -fno-delete-null-pointer-checks -B/usr/local/bin -Werror=format-security -DLIBCXXRT_NO_DEFAULT_TERMINATE_DIAGNOSTICS -DLIBCXXRT_NO_EMERGENCY_MALLOC -std=c99 -fno-builtin -DHAVE_SGX=1 -fPIC -DUNW_LOCAL_ONLY -fdebug-prefix-map=/data1/hz/linux-sgx-mage/sdk/cpprt/linux/libunwind=/libunwind   conftest.c >&5
configure:9844: $? = 0
configure:9844: result: yes
configure:9844: checking for unistd.h
configure:9844: gcc -c -Wjump-misses-init -Wstrict-prototypes -Wunsuffixed-float-constants -O2 -D_FORTIFY_SOURCE=3 -UDEBUG -DNDEBUG -fstack-clash-protection -ffunction-sections -fdata-sections -fstack-protector-strong -D_GLIBCXX_ASSERTIONS -Wall -Wextra -Winit-self -Wpointer-arith -Wreturn-type -Waddress -Wsequence-point -Wformat-security -Wmissing-include-dirs -Wfloat-equal -Wundef -Wshadow -Wcast-align -Wconversion -Wredundant-decls -Wimplicit-fallthrough -DITT_ARCH_IA64 -fcf-protection -ffreestanding -fvisibility=hidden -fpie -fno-strict-overflow -fno-delete-null-pointer-checks -B/usr/local/bin -Werror=format-security -DLIBCXXRT_NO_DEFAULT_TERMINATE_DIAGNOSTICS -DLIBCXXRT_NO_EMERGENCY_MALLOC -std=c99 -fno-builtin -DHAVE_SGX=1 -fPIC -DUNW_LOCAL_ONLY -fdebug-prefix-map=/data1/hz/linux-sgx-mage/sdk/cpprt/linux/libunwind=/libunwind   conftest.c >&5
configure:9844: $? = 0
configure:9844: result: yes
configure:9869: checking for dlfcn.h
configure:9869: gcc -c -Wjump-misses-init -Wstrict-prototypes -Wunsuffixed-float-constants -O2 -D_FORTIFY_SOURCE=3 -UDEBUG -DNDEBUG -fstack-clash-protection -ffunction-sections -fdata-sections -fstack-protector-strong -D_GLIBCXX_ASSERTIONS -Wall -Wextra -Winit-self -Wpointer-arith -Wreturn-type -Waddress -Wsequence-point -Wformat-security -Wmissing-include-dirs -Wfloat-equal -Wundef -Wshadow -Wcast-align -Wconversion -Wredundant-decls -Wimplicit-fallthrough -DITT_ARCH_IA64 -fcf-protection -ffreestanding -fvisibility=hidden -fpie -fno-strict-overflow -fno-delete-null-pointer-checks -B/usr/local/bin -Werror=format-security -DLIBCXXRT_NO_DEFAULT_TERMINATE_DIAGNOSTICS -DLIBCXXRT_NO_EMERGENCY_MALLOC -std=c99 -fno-builtin -DHAVE_SGX=1 -fPIC -DUNW_LOCAL_ONLY -fdebug-prefix-map=/data1/hz/linux-sgx-mage/sdk/cpprt/linux/libunwind=/libunwind   conftest.c >&5
configure:9869: $? = 0
configure:9869: result: yes
configure:10139: checking for objdir
configure:10155: result: .libs
configure:10419: checking if gcc supports -fno-rtti -fno-exceptions
configure:10438: gcc -c -Wjump-misses-init -Wstrict-prototypes -Wunsuffixed-float-constants -O2 -D_FORTIFY_SOURCE=3 -UDEBUG -DNDEBUG -fstack-clash-protection -ffunction-sections -fdata-sections -fstack-protector-strong -D_GLIBCXX_ASSERTIONS -Wall -Wextra -Winit-self -Wpointer-arith -Wreturn-type -Waddress -Wsequence-point -Wformat-security -Wmissing-include-dirs -Wfloat-equal -Wundef -Wshadow -Wcast-align -Wconversion -Wredundant-decls -Wimplicit-fallthrough -DITT_ARCH_IA64 -fcf-protection -ffreestanding -fvisibility=hidden -fpie -fno-strict-overflow -fno-delete-null-pointer-checks -B/usr/local/bin -Werror=format-security -DLIBCXXRT_NO_DEFAULT_TERMINATE_DIAGNOSTICS -DLIBCXXRT_NO_EMERGENCY_MALLOC -std=c99 -fno-builtin -DHAVE_SGX=1 -fPIC -DUNW_LOCAL_ONLY -fdebug-prefix-map=/data1/hz/linux-sgx-mage/sdk/cpprt/linux/libunwind=/libunwind   -fno-rtti -fno-exceptions conftest.c >&5
cc1: warning: command-line option '-fno-rtti' is valid for C++/D/ObjC++ but not for C
configure:10442: $? = 0
configure:10455: result: no
configure:10819: checking for gcc option to produce PIC
configure:10827: result: -fPIC -DPIC
configure:10835: checking if gcc PIC flag -fPIC -DPIC works
configure:10854: gcc -c -Wjump-misses-init -Wstrict-prototypes -Wunsuffixed-float-constants -O2 -D_FORTIFY_SOURCE=3 -UDEBUG -DNDEBUG -fstack-clash-protection -ffunction-sections -fdata-sections -fstack-protector-strong -D_GLIBCXX_ASSERTIONS -Wall -Wextra -Winit-self -Wpointer-arith -Wreturn-type -Waddress -Wsequence-point -Wformat-security -Wmissing-include-dirs -Wfloat-equal -Wundef -Wshadow -Wcast-align -Wconversion -Wredundant-decls -Wimplicit-fallthrough -DITT_ARCH_IA64 -fcf-protection -ffreestanding -fvisibility=hidden -fpie -fno-strict-overflow -fno-delete-null-pointer-checks -B/usr/local/bin -Werror=format-security -DLIBCXXRT_NO_DEFAULT_TERMINATE_DIAGNOSTICS -DLIBCXXRT_NO_EMERGENCY_MALLOC -std=c99 -fno-builtin -DHAVE_SGX=1 -fPIC -DUNW_LOCAL_ONLY -fdebug-prefix-map=/data1/hz/linux-sgx-mage/sdk/cpprt/linux/libunwind=/libunwind   -fPIC -DPIC -DPIC conftest.c >&5
configure:10858: $? = 0
configure:10871: result: yes
configure:10900: checking if gcc static flag -static works
conftest.c:1:5: warning: function declaration isn't a prototype [-Wstrict-prototypes]
    1 | int main(){return(0);}
      |     ^~~~
configure:10929: result: yes
configure:10944: checking if gcc supports -c -o file.o
configure:10966: gcc -c -Wjump-misses-init -Wstrict-prototypes -Wunsuffixed-float-constants -O2 -D_FORTIFY_SOURCE=3 -UDEBUG -DNDEBUG -fstack-clash-protection -ffunction-sections -fdata-sections -fstack-protector-strong -D_GLIBCXX_ASSERTIONS -Wall -Wextra -Winit-self -Wpointer-arith -Wreturn-type -Waddress -Wsequence-point -Wformat-security -Wmissing-include-dirs -Wfloat-equal -Wundef -Wshadow -Wcast-align -Wconversion -Wredundant-decls -Wimplicit-fallthrough -DITT_ARCH_IA64 -fcf-protection -ffreestanding -fvisibility=hidden -fpie -fno-strict-overflow -fno-delete-null-pointer-checks -B/usr/local/bin -Werror=format-security -DLIBCXXRT_NO_DEFAULT_TERMINATE_DIAGNOSTICS -DLIBCXXRT_NO_EMERGENCY_MALLOC -std=c99 -fno-builtin -DHAVE_SGX=1 -fPIC -DUNW_LOCAL_ONLY -fdebug-prefix-map=/data1/hz/linux-sgx-mage/sdk/cpprt/linux/libunwind=/libunwind   -o out/conftest2.o conftest.c >&5
configure:10970: $? = 0
configure:10992: result: yes
configure:11000: checking if gcc supports -c -o file.o
configure:11048: result: yes
configure:11081: checking whether the gcc linker (/usr/local/bin/ld -m elf_x86_64) supports shared libraries
configure:12355: result: yes
configure:12596: checking dynamic linker characteristics
configure:13178: gcc -o conftest -Wjump-misses-init -Wstrict-prototypes -Wunsuffixed-float-constants -O2 -D_FORTIFY_SOURCE=3 -UDEBUG -DNDEBUG -fstack-clash-protection -ffunction-sections -fdata-sections -fstack-protector-strong -D_GLIBCXX_ASSERTIONS -Wall -Wextra -Winit-self -Wpointer-arith -Wreturn-type -Waddress -Wsequence-point -Wformat-security -Wmissing-include-dirs -Wfloat-equal -Wundef -Wshadow -Wcast-align -Wconversion -Wredundant-decls -Wimplicit-fallthrough -DITT_ARCH_IA64 -fcf-protection -ffreestanding -fvisibility=hidden -fpie -fno-strict-overflow -fno-delete-null-pointer-checks -B/usr/local/bin -Werror=format-security -DLIBCXXRT_NO_DEFAULT_TERMINATE_DIAGNOSTICS -DLIBCXXRT_NO_EMERGENCY_MALLOC -std=c99 -fno-builtin -DHAVE_SGX=1 -fPIC -DUNW_LOCAL_ONLY -fdebug-prefix-map=/data1/hz/linux-sgx-mage/sdk/cpprt/linux/libunwind=/libunwind    -Wl,-rpath -Wl,/foo conftest.c  >&5
configure:13178: $? = 0
configure:13429: result: GNU/Linux ld.so
configure:13551: checking how to hardcode library paths into programs
configure:13576: result: immediate
configure:14128: checking whether stripping libraries is possible
configure:14137: result: yes
configure:14179: checking if libtool supports shared libraries
configure:14181: result: yes
configure:14184: checking whether to build shared libraries
configure:14209: result: no
configure:14212: checking whether to build static libraries
configure:14216: result: yes
configure:14239: checking how to run the C++ preprocessor
configure:14261: g++ -E  conftest.cpp
configure:14261: $? = 0
configure:14276: g++ -E  conftest.cpp
conftest.cpp:23:10: fatal error: ac_nonexistent.h: No such file or directory
   23 | #include <ac_nonexistent.h>
      |          ^~~~~~~~~~~~~~~~~~
compilation terminated.
configure:14276: $? = 1
configure: failed program was:
| /* confdefs.h */
| #define PACKAGE_NAME "libunwind"
| #define PACKAGE_TARNAME "libunwind"
| #define PACKAGE_VERSION "1.3.1"
| #define PACKAGE_STRING "libunwind 1.3.1"
| #define PACKAGE_BUGREPORT "libunwind-devel@nongnu.org"
| #define PACKAGE_URL ""
| #define PACKAGE "libunwind"
| #define VERSION "1.3.1"
| #define HAVE_STDIO_H 1
| #define HAVE_STDLIB_H 1
| #define HAVE_STRING_H 1
| #define HAVE_INTTYPES_H 1
| #define HAVE_STDINT_H 1
| #define HAVE_STRINGS_H 1
| #define HAVE_SYS_STAT_H 1
| #define HAVE_SYS_TYPES_H 1
| #define HAVE_UNISTD_H 1
| #define STDC_HEADERS 1
| #define HAVE_DLFCN_H 1
| #define LT_OBJDIR ".libs/"
| /* end confdefs.h.  */
| #include <ac_nonexistent.h>
configure:14303: result: g++ -E
configure:14317: g++ -E  conftest.cpp
configure:14317: $? = 0
configure:14332: g++ -E  conftest.cpp
conftest.cpp:23:10: fatal error: ac_nonexistent.h: No such file or directory
   23 | #include <ac_nonexistent.h>
      |          ^~~~~~~~~~~~~~~~~~
compilation terminated.
configure:14332: $? = 1
configure: failed program was:
| /* confdefs.h */
| #define PACKAGE_NAME "libunwind"
| #define PACKAGE_TARNAME "libunwind"
| #define PACKAGE_VERSION "1.3.1"
| #define PACKAGE_STRING "libunwind 1.3.1"
| #define PACKAGE_BUGREPORT "libunwind-devel@nongnu.org"
| #define PACKAGE_URL ""
| #define PACKAGE "libunwind"
| #define VERSION "1.3.1"
| #define HAVE_STDIO_H 1
| #define HAVE_STDLIB_H 1
| #define HAVE_STRING_H 1
| #define HAVE_INTTYPES_H 1
| #define HAVE_STDINT_H 1
| #define HAVE_STRINGS_H 1
| #define HAVE_SYS_STAT_H 1
| #define HAVE_SYS_TYPES_H 1
| #define HAVE_UNISTD_H 1
| #define STDC_HEADERS 1
| #define HAVE_DLFCN_H 1
| #define LT_OBJDIR ".libs/"
| /* end confdefs.h.  */
| #include <ac_nonexistent.h>
configure:14497: checking for ld used by g++
configure:14565: result: /usr/local/bin/ld -m elf_x86_64
configure:14572: checking if the linker (/usr/local/bin/ld -m elf_x86_64) is GNU ld
configure:14588: result: yes
configure:14643: checking whether the g++ linker (/usr/local/bin/ld -m elf_x86_64) supports shared libraries
configure:15721: result: yes
configure:15757: g++ -c -g -O2  conftest.cpp >&5
configure:15760: $? = 0
configure:16241: checking for g++ option to produce PIC
configure:16249: result: -fPIC -DPIC
configure:16257: checking if g++ PIC flag -fPIC -DPIC works
configure:16276: g++ -c -g -O2  -fPIC -DPIC -DPIC conftest.cpp >&5
configure:16280: $? = 0
configure:16293: result: yes
configure:16316: checking if g++ static flag -static works
configure:16345: result: yes
configure:16357: checking if g++ supports -c -o file.o
configure:16379: g++ -c -g -O2  -o out/conftest2.o conftest.cpp >&5
configure:16383: $? = 0
configure:16405: result: yes
configure:16410: checking if g++ supports -c -o file.o
configure:16458: result: yes
configure:16488: checking whether the g++ linker (/usr/local/bin/ld -m elf_x86_64) supports shared libraries
configure:16531: result: yes
configure:16673: checking dynamic linker characteristics
configure:17433: result: GNU/Linux ld.so
configure:17498: checking how to hardcode library paths into programs
configure:17523: result: immediate
configure:17593: checking dependency style of gcc
configure:17703: result: gcc3
configure:17720: checking for __uc_get_grs in -luca
configure:17743: gcc -o conftest -Wjump-misses-init -Wstrict-prototypes -Wunsuffixed-float-constants -O2 -D_FORTIFY_SOURCE=3 -UDEBUG -DNDEBUG -fstack-clash-protection -ffunction-sections -fdata-sections -fstack-protector-strong -D_GLIBCXX_ASSERTIONS -Wall -Wextra -Winit-self -Wpointer-arith -Wreturn-type -Waddress -Wsequence-point -Wformat-security -Wmissing-include-dirs -Wfloat-equal -Wundef -Wshadow -Wcast-align -Wconversion -Wredundant-decls -Wimplicit-fallthrough -DITT_ARCH_IA64 -fcf-protection -ffreestanding -fvisibility=hidden -fpie -fno-strict-overflow -fno-delete-null-pointer-checks -B/usr/local/bin -Werror=format-security -DLIBCXXRT_NO_DEFAULT_TERMINATE_DIAGNOSTICS -DLIBCXXRT_NO_EMERGENCY_MALLOC -std=c99 -fno-builtin -DHAVE_SGX=1 -fPIC -DUNW_LOCAL_ONLY -fdebug-prefix-map=/data1/hz/linux-sgx-mage/sdk/cpprt/linux/libunwind=/libunwind    conftest.c -luca   >&5
conftest.c:27:1: warning: function declaration isn't a prototype [-Wstrict-prototypes]
   27 | char __uc_get_grs ();
      | ^~~~
/usr/local/bin/ld: cannot find -luca: No such file or directory
collect2: error: ld returned 1 exit status
configure:17743: $? = 1
configure: failed program was:
| /* confdefs.h */
| #define PACKAGE_NAME "libunwind"
| #define PACKAGE_TARNAME "libunwind"
| #define PACKAGE_VERSION "1.3.1"
| #define PACKAGE_STRING "libunwind 1.3.1"
| #define PACKAGE_BUGREPORT "libunwind-devel@nongnu.org"
| #define PACKAGE_URL ""
| #define PACKAGE "libunwind"
| #define VERSION "1.3.1"
| #define HAVE_STDIO_H 1
| #define HAVE_STDLIB_H 1
| #define HAVE_STRING_H 1
| #define HAVE_INTTYPES_H 1
| #define HAVE_STDINT_H 1
| #define HAVE_STRINGS_H 1
| #define HAVE_SYS_STAT_H 1
| #define HAVE_SYS_TYPES_H 1
| #define HAVE_UNISTD_H 1
| #define STDC_HEADERS 1
| #define HAVE_DLFCN_H 1
| #define LT_OBJDIR ".libs/"
| /* end confdefs.h.  */
| 
| /* Override any GCC internal prototype to avoid an error.
|    Use char because int might match the return type of a GCC
|    builtin and then its argument prototype would still apply.  */
| char __uc_get_grs ();
| int
| main (void)
| {
| return __uc_get_grs ();
|   ;
|   return 0;
| }
configure:17753: result: no
configure:17764: checking for library containing dlopen
configure:17794: gcc -o conftest -Wjump-misses-init -Wstrict-prototypes -Wunsuffixed-float-constants -O2 -D_FORTIFY_SOURCE=3 -UDEBUG -DNDEBUG -fstack-clash-protection -ffunction-sections -fdata-sections -fstack-protector-strong -D_GLIBCXX_ASSERTIONS -Wall -Wextra -Winit-self -Wpointer-arith -Wreturn-type -Waddress -Wsequence-point -Wformat-security -Wmissing-include-dirs -Wfloat-equal -Wundef -Wshadow -Wcast-align -Wconversion -Wredundant-decls -Wimplicit-fallthrough -DITT_ARCH_IA64 -fcf-protection -ffreestanding -fvisibility=hidden -fpie -fno-strict-overflow -fno-delete-null-pointer-checks -B/usr/local/bin -Werror=format-security -DLIBCXXRT_NO_DEFAULT_TERMINATE_DIAGNOSTICS -DLIBCXXRT_NO_EMERGENCY_MALLOC -std=c99 -fno-builtin -DHAVE_SGX=1 -fPIC -DUNW_LOCAL_ONLY -fdebug-prefix-map=/data1/hz/linux-sgx-mage/sdk/cpprt/linux/libunwind=/libunwind    conftest.c  >&5
conftest.c:27:1: warning: function declaration isn't a prototype [-Wstrict-prototypes]
   27 | char dlopen ();
      | ^~~~
configure:17794: $? = 0
configure:17814: result: none required
configure:17829: checking for atomic_ops.h
configure:17829: gcc -c -Wjump-misses-init -Wstrict-prototypes -Wunsuffixed-float-constants -O2 -D_FORTIFY_SOURCE=3 -UDEBUG -DNDEBUG -fstack-clash-protection -ffunction-sections -fdata-sections -fstack-protector-strong -D_GLIBCXX_ASSERTIONS -Wall -Wextra -Winit-self -Wpointer-arith -Wreturn-type -Waddress -Wsequence-point -Wformat-security -Wmissing-include-dirs -Wfloat-equal -Wundef -Wshadow -Wcast-align -Wconversion -Wredundant-decls -Wimplicit-fallthrough -DITT_ARCH_IA64 -fcf-protection -ffreestanding -fvisibility=hidden -fpie -fno-strict-overflow -fno-delete-null-pointer-checks -B/usr/local/bin -Werror=format-security -DLIBCXXRT_NO_DEFAULT_TERMINATE_DIAGNOSTICS -DLIBCXXRT_NO_EMERGENCY_MALLOC -std=c99 -fno-builtin -DHAVE_SGX=1 -fPIC -DUNW_LOCAL_ONLY -fdebug-prefix-map=/data1/hz/linux-sgx-mage/sdk/cpprt/linux/libunwind=/libunwind   conftest.c >&5
conftest.c:51:10: fatal error: atomic_ops.h: No such file or directory
   51 | #include <atomic_ops.h>
      |          ^~~~~~~~~~~~~~
compilation terminated.
configure:17829: $? = 1
configure: failed program was:
| /* confdefs.h */
| #define PACKAGE_NAME "libunwind"
| #define PACKAGE_TARNAME "libunwind"
| #define PACKAGE_VERSION "1.3.1"
| #define PACKAGE_STRING "libunwind 1.3.1"
| #define PACKAGE_BUGREPORT "libunwind-devel@nongnu.org"
| #define PACKAGE_URL ""
| #define PACKAGE "libunwind"
| #define VERSION "1.3.1"
| #define HAVE_STDIO_H 1
| #define HAVE_STDLIB_H 1
| #define HAVE_STRING_H 1
| #define HAVE_INTTYPES_H 1
| #define HAVE_STDINT_H 1
| #define HAVE_STRINGS_H 1
| #define HAVE_SYS_STAT_H 1
| #define HAVE_SYS_TYPES_H 1
| #define HAVE_UNISTD_H 1
| #define STDC_HEADERS 1
| #define HAVE_DLFCN_H 1
| #define LT_OBJDIR ".libs/"
| /* end confdefs.h.  */
| #include <stddef.h>
| #ifdef HAVE_STDIO_H
| # include <stdio.h>
| #endif
| #ifdef HAVE_STDLIB_H
| # include <stdlib.h>
| #endif
| #ifdef HAVE_STRING_H
| # include <string.h>
| #endif
| #ifdef HAVE_INTTYPES_H
| # include <inttypes.h>
| #endif
| #ifdef HAVE_STDINT_H
| # include <stdint.h>
| #endif
| #ifdef HAVE_STRINGS_H
| # include <strings.h>
| #endif
| #ifdef HAVE_SYS_TYPES_H
| # include <sys/types.h>
| #endif
| #ifdef HAVE_SYS_STAT_H
| # include <sys/stat.h>
| #endif
| #ifdef HAVE_UNISTD_H
| # include <unistd.h>
| #endif
| #include <atomic_ops.h>
configure:17829: result: no
configure:17848: checking for egrep
configure:17916: result: /usr/bin/grep -E
configure:17922: checking for asm/ptrace_offsets.h
configure:17922: gcc -c -Wjump-misses-init -Wstrict-prototypes -Wunsuffixed-float-constants -O2 -D_FORTIFY_SOURCE=3 -UDEBUG -DNDEBUG -fstack-clash-protection -ffunction-sections -fdata-sections -fstack-protector-strong -D_GLIBCXX_ASSERTIONS -Wall -Wextra -Winit-self -Wpointer-arith -Wreturn-type -Waddress -Wsequence-point -Wformat-security -Wmissing-include-dirs -Wfloat-equal -Wundef -Wshadow -Wcast-align -Wconversion -Wredundant-decls -Wimplicit-fallthrough -DITT_ARCH_IA64 -fcf-protection -ffreestanding -fvisibility=hidden -fpie -fno-strict-overflow -fno-delete-null-pointer-checks -B/usr/local/bin -Werror=format-security -DLIBCXXRT_NO_DEFAULT_TERMINATE_DIAGNOSTICS -DLIBCXXRT_NO_EMERGENCY_MALLOC -std=c99 -fno-builtin -DHAVE_SGX=1 -fPIC -DUNW_LOCAL_ONLY -fdebug-prefix-map=/data1/hz/linux-sgx-mage/sdk/cpprt/linux/libunwind=/libunwind   conftest.c >&5
conftest.c:51:10: fatal error: asm/ptrace_offsets.h: No such file or directory
   51 | #include <asm/ptrace_offsets.h>
      |          ^~~~~~~~~~~~~~~~~~~~~~
compilation terminated.
configure:17922: $? = 1
configure: failed program was:
| /* confdefs.h */
| #define PACKAGE_NAME "libunwind"
| #define PACKAGE_TARNAME "libunwind"
| #define PACKAGE_VERSION "1.3.1"
| #define PACKAGE_STRING "libunwind 1.3.1"
| #define PACKAGE_BUGREPORT "libunwind-devel@nongnu.org"
| #define PACKAGE_URL ""
| #define PACKAGE "libunwind"
| #define VERSION "1.3.1"
| #define HAVE_STDIO_H 1
| #define HAVE_STDLIB_H 1
| #define HAVE_STRING_H 1
| #define HAVE_INTTYPES_H 1
| #define HAVE_STDINT_H 1
| #define HAVE_STRINGS_H 1
| #define HAVE_SYS_STAT_H 1
| #define HAVE_SYS_TYPES_H 1
| #define HAVE_UNISTD_H 1
| #define STDC_HEADERS 1
| #define HAVE_DLFCN_H 1
| #define LT_OBJDIR ".libs/"
| /* end confdefs.h.  */
| #include <stddef.h>
| #ifdef HAVE_STDIO_H
| # include <stdio.h>
| #endif
| #ifdef HAVE_STDLIB_H
| # include <stdlib.h>
| #endif
| #ifdef HAVE_STRING_H
| # include <string.h>
| #endif
| #ifdef HAVE_INTTYPES_H
| # include <inttypes.h>
| #endif
| #ifdef HAVE_STDINT_H
| # include <stdint.h>
| #endif
| #ifdef HAVE_STRINGS_H
| # include <strings.h>
| #endif
| #ifdef HAVE_SYS_TYPES_H
| # include <sys/types.h>
| #endif
| #ifdef HAVE_SYS_STAT_H
| # include <sys/stat.h>
| #endif
| #ifdef HAVE_UNISTD_H
| # include <unistd.h>
| #endif
| #include <asm/ptrace_offsets.h>
configure:17922: result: no
configure:17928: checking for endian.h
configure:17928: gcc -c -Wjump-misses-init -Wstrict-prototypes -Wunsuffixed-float-constants -O2 -D_FORTIFY_SOURCE=3 -UDEBUG -DNDEBUG -fstack-clash-protection -ffunction-sections -fdata-sections -fstack-protector-strong -D_GLIBCXX_ASSERTIONS -Wall -Wextra -Winit-self -Wpointer-arith -Wreturn-type -Waddress -Wsequence-point -Wformat-security -Wmissing-include-dirs -Wfloat-equal -Wundef -Wshadow -Wcast-align -Wconversion -Wredundant-decls -Wimplicit-fallthrough -DITT_ARCH_IA64 -fcf-protection -ffreestanding -fvisibility=hidden -fpie -fno-strict-overflow -fno-delete-null-pointer-checks -B/usr/local/bin -Werror=format-security -DLIBCXXRT_NO_DEFAULT_TERMINATE_DIAGNOSTICS -DLIBCXXRT_NO_EMERGENCY_MALLOC -std=c99 -fno-builtin -DHAVE_SGX=1 -fPIC -DUNW_LOCAL_ONLY -fdebug-prefix-map=/data1/hz/linux-sgx-mage/sdk/cpprt/linux/libunwind=/libunwind   conftest.c >&5
configure:17928: $? = 0
configure:17928: result: yes
configure:17934: checking for sys/endian.h
configure:17934: gcc -c -Wjump-misses-init -Wstrict-prototypes -Wunsuffixed-float-constants -O2 -D_FORTIFY_SOURCE=3 -UDEBUG -DNDEBUG -fstack-clash-protection -ffunction-sections -fdata-sections -fstack-protector-strong -D_GLIBCXX_ASSERTIONS -Wall -Wextra -Winit-self -Wpointer-arith -Wreturn-type -Waddress -Wsequence-point -Wformat-security -Wmissing-include-dirs -Wfloat-equal -Wundef -Wshadow -Wcast-align -Wconversion -Wredundant-decls -Wimplicit-fallthrough -DITT_ARCH_IA64 -fcf-protection -ffreestanding -fvisibility=hidden -fpie -fno-strict-overflow -fno-delete-null-pointer-checks -B/usr/local/bin -Werror=format-security -DLIBCXXRT_NO_DEFAULT_TERMINATE_DIAGNOSTICS -DLIBCXXRT_NO_EMERGENCY_MALLOC -std=c99 -fno-builtin -DHAVE_SGX=1 -fPIC -DUNW_LOCAL_ONLY -fdebug-prefix-map=/data1/hz/linux-sgx-mage/sdk/cpprt/linux/libunwind=/libunwind   conftest.c >&5
conftest.c:52:10: fatal error: sys/endian.h: No such file or directory
   52 | #include <sys/endian.h>
      |          ^~~~~~~~~~~~~~
compilation terminated.
configure:17934: $? = 1
configure: failed program was:
| /* confdefs.h */
| #define PACKAGE_NAME "libunwind"
| #define PACKAGE_TARNAME "libunwind"
| #define PACKAGE_VERSION "1.3.1"
| #define PACKAGE_STRING "libunwind 1.3.1"
| #define PACKAGE_BUGREPORT "libunwind-devel@nongnu.org"
| #define PACKAGE_URL ""
| #define PACKAGE "libunwind"
| #define VERSION "1.3.1"
| #define HAVE_STDIO_H 1
| #define HAVE_STDLIB_H 1
| #define HAVE_STRING_H 1
| #define HAVE_INTTYPES_H 1
| #define HAVE_STDINT_H 1
| #define HAVE_STRINGS_H 1
| #define HAVE_SYS_STAT_H 1
| #define HAVE_SYS_TYPES_H 1
| #define HAVE_UNISTD_H 1
| #define STDC_HEADERS 1
| #define HAVE_DLFCN_H 1
| #define LT_OBJDIR ".libs/"
| #define HAVE_ENDIAN_H 1
| /* end confdefs.h.  */
| #include <stddef.h>
| #ifdef HAVE_STDIO_H
| # include <stdio.h>
| #endif
| #ifdef HAVE_STDLIB_H
| # include <stdlib.h>
| #endif
| #ifdef HAVE_STRING_H
| # include <string.h>
| #endif
| #ifdef HAVE_INTTYPES_H
| # include <inttypes.h>
| #endif
| #ifdef HAVE_STDINT_H
| # include <stdint.h>
| #endif
| #ifdef HAVE_STRINGS_H
| # include <strings.h>
| #endif
| #ifdef HAVE_SYS_TYPES_H
| # include <sys/types.h>
| #endif
| #ifdef HAVE_SYS_STAT_H
| # include <sys/stat.h>
| #endif
| #ifdef HAVE_UNISTD_H
| # include <unistd.h>
| #endif
| #include <sys/endian.h>
configure:17934: result: no
configure:17940: checking for execinfo.h
configure:17940: gcc -c -Wjump-misses-init -Wstrict-prototypes -Wunsuffixed-float-constants -O2 -D_FORTIFY_SOURCE=3 -UDEBUG -DNDEBUG -fstack-clash-protection -ffunction-sections -fdata-sections -fstack-protector-strong -D_GLIBCXX_ASSERTIONS -Wall -Wextra -Winit-self -Wpointer-arith -Wreturn-type -Waddress -Wsequence-point -Wformat-security -Wmissing-include-dirs -Wfloat-equal -Wundef -Wshadow -Wcast-align -Wconversion -Wredundant-decls -Wimplicit-fallthrough -DITT_ARCH_IA64 -fcf-protection -ffreestanding -fvisibility=hidden -fpie -fno-strict-overflow -fno-delete-null-pointer-checks -B/usr/local/bin -Werror=format-security -DLIBCXXRT_NO_DEFAULT_TERMINATE_DIAGNOSTICS -DLIBCXXRT_NO_EMERGENCY_MALLOC -std=c99 -fno-builtin -DHAVE_SGX=1 -fPIC -DUNW_LOCAL_ONLY -fdebug-prefix-map=/data1/hz/linux-sgx-mage/sdk/cpprt/linux/libunwind=/libunwind   conftest.c >&5
configure:17940: $? = 0
configure:17940: result: yes
configure:17946: checking for ia64intrin.h
configure:17946: gcc -c -Wjump-misses-init -Wstrict-prototypes -Wunsuffixed-float-constants -O2 -D_FORTIFY_SOURCE=3 -UDEBUG -DNDEBUG -fstack-clash-protection -ffunction-sections -fdata-sections -fstack-protector-strong -D_GLIBCXX_ASSERTIONS -Wall -Wextra -Winit-self -Wpointer-arith -Wreturn-type -Waddress -Wsequence-point -Wformat-security -Wmissing-include-dirs -Wfloat-equal -Wundef -Wshadow -Wcast-align -Wconversion -Wredundant-decls -Wimplicit-fallthrough -DITT_ARCH_IA64 -fcf-protection -ffreestanding -fvisibility=hidden -fpie -fno-strict-overflow -fno-delete-null-pointer-checks -B/usr/local/bin -Werror=format-security -DLIBCXXRT_NO_DEFAULT_TERMINATE_DIAGNOSTICS -DLIBCXXRT_NO_EMERGENCY_MALLOC -std=c99 -fno-builtin -DHAVE_SGX=1 -fPIC -DUNW_LOCAL_ONLY -fdebug-prefix-map=/data1/hz/linux-sgx-mage/sdk/cpprt/linux/libunwind=/libunwind   conftest.c >&5
conftest.c:53:10: fatal error: ia64intrin.h: No such file or directory
   53 | #include <ia64intrin.h>
      |          ^~~~~~~~~~~~~~
compilation terminated.
configure:17946: $? = 1
configure: failed program was:
| /* confdefs.h */
| #define PACKAGE_NAME "libunwind"
| #define PACKAGE_TARNAME "libunwind"
| #define PACKAGE_VERSION "1.3.1"
| #define PACKAGE_STRING "libunwind 1.3.1"
| #define PACKAGE_BUGREPORT "libunwind-devel@nongnu.org"
| #define PACKAGE_URL ""
| #define PACKAGE "libunwind"
| #define VERSION "1.3.1"
| #define HAVE_STDIO_H 1
| #define HAVE_STDLIB_H 1
| #define HAVE_STRING_H 1
| #define HAVE_INTTYPES_H 1
| #define HAVE_STDINT_H 1
| #define HAVE_STRINGS_H 1
| #define HAVE_SYS_STAT_H 1
| #define HAVE_SYS_TYPES_H 1
| #define HAVE_UNISTD_H 1
| #define STDC_HEADERS 1
| #define HAVE_DLFCN_H 1
| #define LT_OBJDIR ".libs/"
| #define HAVE_ENDIAN_H 1
| #define HAVE_EXECINFO_H 1
| /* end confdefs.h.  */
| #include <stddef.h>
| #ifdef HAVE_STDIO_H
| # include <stdio.h>
| #endif
| #ifdef HAVE_STDLIB_H
| # include <stdlib.h>
| #endif
| #ifdef HAVE_STRING_H
| # include <string.h>
| #endif
| #ifdef HAVE_INTTYPES_H
| # include <inttypes.h>
| #endif
| #ifdef HAVE_STDINT_H
| # include <stdint.h>
| #endif
| #ifdef HAVE_STRINGS_H
| # include <strings.h>
| #endif
| #ifdef HAVE_SYS_TYPES_H
| # include <sys/types.h>
| #endif
| #ifdef HAVE_SYS_STAT_H
| # include <sys/stat.h>
| #endif
| #ifdef HAVE_UNISTD_H
| # include <unistd.h>
| #endif
| #include <ia64intrin.h>
configure:17946: result: no
configure:17952: checking for sys/uc_access.h
configure:17952: gcc -c -Wjump-misses-init -Wstrict-prototypes -Wunsuffixed-float-constants -O2 -D_FORTIFY_SOURCE=3 -UDEBUG -DNDEBUG -fstack-clash-protection -ffunction-sections -fdata-sections -fstack-protector-strong -D_GLIBCXX_ASSERTIONS -Wall -Wextra -Winit-self -Wpointer-arith -Wreturn-type -Waddress -Wsequence-point -Wformat-security -Wmissing-include-dirs -Wfloat-equal -Wundef -Wshadow -Wcast-align -Wconversion -Wredundant-decls -Wimplicit-fallthrough -DITT_ARCH_IA64 -fcf-protection -ffreestanding -fvisibility=hidden -fpie -fno-strict-overflow -fno-delete-null-pointer-checks -B/usr/local/bin -Werror=format-security -DLIBCXXRT_NO_DEFAULT_TERMINATE_DIAGNOSTICS -DLIBCXXRT_NO_EMERGENCY_MALLOC -std=c99 -fno-builtin -DHAVE_SGX=1 -fPIC -DUNW_LOCAL_ONLY -fdebug-prefix-map=/data1/hz/linux-sgx-mage/sdk/cpprt/linux/libunwind=/libunwind   conftest.c >&5
conftest.c:53:10: fatal error: sys/uc_access.h: No such file or directory
   53 | #include <sys/uc_access.h>
      |          ^~~~~~~~~~~~~~~~~
compilation terminated.
configure:17952: $? = 1
configure: failed program was:
| /* confdefs.h */
| #define PACKAGE_NAME "libunwind"
| #define PACKAGE_TARNAME "libunwind"
| #define PACKAGE_VERSION "1.3.1"
| #define PACKAGE_STRING "libunwind 1.3.1"
| #define PACKAGE_BUGREPORT "libunwind-devel@nongnu.org"
| #define PACKAGE_URL ""
| #define PACKAGE "libunwind"
| #define VERSION "1.3.1"
| #define HAVE_STDIO_H 1
| #define HAVE_STDLIB_H 1
| #define HAVE_STRING_H 1
| #define HAVE_INTTYPES_H 1
| #define HAVE_STDINT_H 1
| #define HAVE_STRINGS_H 1
| #define HAVE_SYS_STAT_H 1
| #define HAVE_SYS_TYPES_H 1
| #define HAVE_UNISTD_H 1
| #define STDC_HEADERS 1
| #define HAVE_DLFCN_H 1
| #define LT_OBJDIR ".libs/"
| #define HAVE_ENDIAN_H 1
| #define HAVE_EXECINFO_H 1
| /* end confdefs.h.  */
| #include <stddef.h>
| #ifdef HAVE_STDIO_H
| # include <stdio.h>
| #endif
| #ifdef HAVE_STDLIB_H
| # include <stdlib.h>
| #endif
| #ifdef HAVE_STRING_H
| # include <string.h>
| #endif
| #ifdef HAVE_INTTYPES_H
| # include <inttypes.h>
| #endif
| #ifdef HAVE_STDINT_H
| # include <stdint.h>
| #endif
| #ifdef HAVE_STRINGS_H
| # include <strings.h>
| #endif
| #ifdef HAVE_SYS_TYPES_H
| # include <sys/types.h>
| #endif
| #ifdef HAVE_SYS_STAT_H
| # include <sys/stat.h>
| #endif
| #ifdef HAVE_UNISTD_H
| # include <unistd.h>
| #endif
| #include <sys/uc_access.h>
configure:17952: result: no
configure:17958: checking for unistd.h
configure:17958: result: yes
configure:17964: checking for signal.h
configure:17964: gcc -c -Wjump-misses-init -Wstrict-prototypes -Wunsuffixed-float-constants -O2 -D_FORTIFY_SOURCE=3 -UDEBUG -DNDEBUG -fstack-clash-protection -ffunction-sections -fdata-sections -fstack-protector-strong -D_GLIBCXX_ASSERTIONS -Wall -Wextra -Winit-self -Wpointer-arith -Wreturn-type -Waddress -Wsequence-point -Wformat-security -Wmissing-include-dirs -Wfloat-equal -Wundef -Wshadow -Wcast-align -Wconversion -Wredundant-decls -Wimplicit-fallthrough -DITT_ARCH_IA64 -fcf-protection -ffreestanding -fvisibility=hidden -fpie -fno-strict-overflow -fno-delete-null-pointer-checks -B/usr/local/bin -Werror=format-security -DLIBCXXRT_NO_DEFAULT_TERMINATE_DIAGNOSTICS -DLIBCXXRT_NO_EMERGENCY_MALLOC -std=c99 -fno-builtin -DHAVE_SGX=1 -fPIC -DUNW_LOCAL_ONLY -fdebug-prefix-map=/data1/hz/linux-sgx-mage/sdk/cpprt/linux/libunwind=/libunwind   conftest.c >&5
configure:17964: $? = 0
configure:17964: result: yes
configure:17970: checking for sys/types.h
configure:17970: result: yes
configure:17976: checking for sys/procfs.h
configure:17976: gcc -c -Wjump-misses-init -Wstrict-prototypes -Wunsuffixed-float-constants -O2 -D_FORTIFY_SOURCE=3 -UDEBUG -DNDEBUG -fstack-clash-protection -ffunction-sections -fdata-sections -fstack-protector-strong -D_GLIBCXX_ASSERTIONS -Wall -Wextra -Winit-self -Wpointer-arith -Wreturn-type -Waddress -Wsequence-point -Wformat-security -Wmissing-include-dirs -Wfloat-equal -Wundef -Wshadow -Wcast-align -Wconversion -Wredundant-decls -Wimplicit-fallthrough -DITT_ARCH_IA64 -fcf-protection -ffreestanding -fvisibility=hidden -fpie -fno-strict-overflow -fno-delete-null-pointer-checks -B/usr/local/bin -Werror=format-security -DLIBCXXRT_NO_DEFAULT_TERMINATE_DIAGNOSTICS -DLIBCXXRT_NO_EMERGENCY_MALLOC -std=c99 -fno-builtin -DHAVE_SGX=1 -fPIC -DUNW_LOCAL_ONLY -fdebug-prefix-map=/data1/hz/linux-sgx-mage/sdk/cpprt/linux/libunwind=/libunwind   conftest.c >&5
configure:17976: $? = 0
configure:17976: result: yes
configure:17982: checking for sys/ptrace.h
configure:17982: gcc -c -Wjump-misses-init -Wstrict-prototypes -Wunsuffixed-float-constants -O2 -D_FORTIFY_SOURCE=3 -UDEBUG -DNDEBUG -fstack-clash-protection -ffunction-sections -fdata-sections -fstack-protector-strong -D_GLIBCXX_ASSERTIONS -Wall -Wextra -Winit-self -Wpointer-arith -Wreturn-type -Waddress -Wsequence-point -Wformat-security -Wmissing-include-dirs -Wfloat-equal -Wundef -Wshadow -Wcast-align -Wconversion -Wredundant-decls -Wimplicit-fallthrough -DITT_ARCH_IA64 -fcf-protection -ffreestanding -fvisibility=hidden -fpie -fno-strict-overflow -fno-delete-null-pointer-checks -B/usr/local/bin -Werror=format-security -DLIBCXXRT_NO_DEFAULT_TERMINATE_DIAGNOSTICS -DLIBCXXRT_NO_EMERGENCY_MALLOC -std=c99 -fno-builtin -DHAVE_SGX=1 -fPIC -DUNW_LOCAL_ONLY -fdebug-prefix-map=/data1/hz/linux-sgx-mage/sdk/cpprt/linux/libunwind=/libunwind   conftest.c >&5
configure:17982: $? = 0
configure:17982: result: yes
configure:17988: checking for byteswap.h
configure:17988: gcc -c -Wjump-misses-init -Wstrict-prototypes -Wunsuffixed-float-constants -O2 -D_FORTIFY_SOURCE=3 -UDEBUG -DNDEBUG -fstack-clash-protection -ffunction-sections -fdata-sections -fstack-protector-strong -D_GLIBCXX_ASSERTIONS -Wall -Wextra -Winit-self -Wpointer-arith -Wreturn-type -Waddress -Wsequence-point -Wformat-security -Wmissing-include-dirs -Wfloat-equal -Wundef -Wshadow -Wcast-align -Wconversion -Wredundant-decls -Wimplicit-fallthrough -DITT_ARCH_IA64 -fcf-protection -ffreestanding -fvisibility=hidden -fpie -fno-strict-overflow -fno-delete-null-pointer-checks -B/usr/local/bin -Werror=format-security -DLIBCXXRT_NO_DEFAULT_TERMINATE_DIAGNOSTICS -DLIBCXXRT_NO_EMERGENCY_MALLOC -std=c99 -fno-builtin -DHAVE_SGX=1 -fPIC -DUNW_LOCAL_ONLY -fdebug-prefix-map=/data1/hz/linux-sgx-mage/sdk/cpprt/linux/libunwind=/libunwind   conftest.c >&5
configure:17988: $? = 0
configure:17988: result: yes
configure:17994: checking for elf.h
configure:17994: gcc -c -Wjump-misses-init -Wstrict-prototypes -Wunsuffixed-float-constants -O2 -D_FORTIFY_SOURCE=3 -UDEBUG -DNDEBUG -fstack-clash-protection -ffunction-sections -fdata-sections -fstack-protector-strong -D_GLIBCXX_ASSERTIONS -Wall -Wextra -Winit-self -Wpointer-arith -Wreturn-type -Waddress -Wsequence-point -Wformat-security -Wmissing-include-dirs -Wfloat-equal -Wundef -Wshadow -Wcast-align -Wconversion -Wredundant-decls -Wimplicit-fallthrough -DITT_ARCH_IA64 -fcf-protection -ffreestanding -fvisibility=hidden -fpie -fno-strict-overflow -fno-delete-null-pointer-checks -B/usr/local/bin -Werror=format-security -DLIBCXXRT_NO_DEFAULT_TERMINATE_DIAGNOSTICS -DLIBCXXRT_NO_EMERGENCY_MALLOC -std=c99 -fno-builtin -DHAVE_SGX=1 -fPIC -DUNW_LOCAL_ONLY -fdebug-prefix-map=/data1/hz/linux-sgx-mage/sdk/cpprt/linux/libunwind=/libunwind   conftest.c >&5
configure:17994: $? = 0
configure:17994: result: yes
configure:18000: checking for sys/elf.h
configure:18000: gcc -c -Wjump-misses-init -Wstrict-prototypes -Wunsuffixed-float-constants -O2 -D_FORTIFY_SOURCE=3 -UDEBUG -DNDEBUG -fstack-clash-protection -ffunction-sections -fdata-sections -fstack-protector-strong -D_GLIBCXX_ASSERTIONS -Wall -Wextra -Winit-self -Wpointer-arith -Wreturn-type -Waddress -Wsequence-point -Wformat-security -Wmissing-include-dirs -Wfloat-equal -Wundef -Wshadow -Wcast-align -Wconversion -Wredundant-decls -Wimplicit-fallthrough -DITT_ARCH_IA64 -fcf-protection -ffreestanding -fvisibility=hidden -fpie -fno-strict-overflow -fno-delete-null-pointer-checks -B/usr/local/bin -Werror=format-security -DLIBCXXRT_NO_DEFAULT_TERMINATE_DIAGNOSTICS -DLIBCXXRT_NO_EMERGENCY_MALLOC -std=c99 -fno-builtin -DHAVE_SGX=1 -fPIC -DUNW_LOCAL_ONLY -fdebug-prefix-map=/data1/hz/linux-sgx-mage/sdk/cpprt/linux/libunwind=/libunwind   conftest.c >&5
In file included from conftest.c:60:
/usr/include/x86_64-linux-gnu/sys/elf.h:22:3: error: #error This header is unsupported on x86-64.
   22 | # error This header is unsupported on x86-64.
      |   ^~~~~
configure:18000: $? = 1
configure: failed program was:
| /* confdefs.h */
| #define PACKAGE_NAME "libunwind"
| #define PACKAGE_TARNAME "libunwind"
| #define PACKAGE_VERSION "1.3.1"
| #define PACKAGE_STRING "libunwind 1.3.1"
| #define PACKAGE_BUGREPORT "libunwind-devel@nongnu.org"
| #define PACKAGE_URL ""
| #define PACKAGE "libunwind"
| #define VERSION "1.3.1"
| #define HAVE_STDIO_H 1
| #define HAVE_STDLIB_H 1
| #define HAVE_STRING_H 1
| #define HAVE_INTTYPES_H 1
| #define HAVE_STDINT_H 1
| #define HAVE_STRINGS_H 1
| #define HAVE_SYS_STAT_H 1
| #define HAVE_SYS_TYPES_H 1
| #define HAVE_UNISTD_H 1
| #define STDC_HEADERS 1
| #define HAVE_DLFCN_H 1
| #define LT_OBJDIR ".libs/"
| #define HAVE_ENDIAN_H 1
| #define HAVE_EXECINFO_H 1
| #define HAVE_UNISTD_H 1
| #define HAVE_SIGNAL_H 1
| #define HAVE_SYS_TYPES_H 1
| #define HAVE_SYS_PROCFS_H 1
| #define HAVE_SYS_PTRACE_H 1
| #define HAVE_BYTESWAP_H 1
| #define HAVE_ELF_H 1
| /* end confdefs.h.  */
| #include <stddef.h>
| #ifdef HAVE_STDIO_H
| # include <stdio.h>
| #endif
| #ifdef HAVE_STDLIB_H
| # include <stdlib.h>
| #endif
| #ifdef HAVE_STRING_H
| # include <string.h>
| #endif
| #ifdef HAVE_INTTYPES_H
| # include <inttypes.h>
| #endif
| #ifdef HAVE_STDINT_H
| # include <stdint.h>
| #endif
| #ifdef HAVE_STRINGS_H
| # include <strings.h>
| #endif
| #ifdef HAVE_SYS_TYPES_H
| # include <sys/types.h>
| #endif
| #ifdef HAVE_SYS_STAT_H
| # include <sys/stat.h>
| #endif
| #ifdef HAVE_UNISTD_H
| # include <unistd.h>
| #endif
| #include <sys/elf.h>
configure:18000: result: no
configure:18006: checking for link.h
configure:18006: gcc -c -Wjump-misses-init -Wstrict-prototypes -Wunsuffixed-float-constants -O2 -D_FORTIFY_SOURCE=3 -UDEBUG -DNDEBUG -fstack-clash-protection -ffunction-sections -fdata-sections -fstack-protector-strong -D_GLIBCXX_ASSERTIONS -Wall -Wextra -Winit-self -Wpointer-arith -Wreturn-type -Waddress -Wsequence-point -Wformat-security -Wmissing-include-dirs -Wfloat-equal -Wundef -Wshadow -Wcast-align -Wconversion -Wredundant-decls -Wimplicit-fallthrough -DITT_ARCH_IA64 -fcf-protection -ffreestanding -fvisibility=hidden -fpie -fno-strict-overflow -fno-delete-null-pointer-checks -B/usr/local/bin -Werror=format-security -DLIBCXXRT_NO_DEFAULT_TERMINATE_DIAGNOSTICS -DLIBCXXRT_NO_EMERGENCY_MALLOC -std=c99 -fno-builtin -DHAVE_SGX=1 -fPIC -DUNW_LOCAL_ONLY -fdebug-prefix-map=/data1/hz/linux-sgx-mage/sdk/cpprt/linux/libunwind=/libunwind   conftest.c >&5
configure:18006: $? = 0
configure:18006: result: yes
configure:18012: checking for sys/link.h
configure:18012: gcc -c -Wjump-misses-init -Wstrict-prototypes -Wunsuffixed-float-constants -O2 -D_FORTIFY_SOURCE=3 -UDEBUG -DNDEBUG -fstack-clash-protection -ffunction-sections -fdata-sections -fstack-protector-strong -D_GLIBCXX_ASSERTIONS -Wall -Wextra -Winit-self -Wpointer-arith -Wreturn-type -Waddress -Wsequence-point -Wformat-security -Wmissing-include-dirs -Wfloat-equal -Wundef -Wshadow -Wcast-align -Wconversion -Wredundant-decls -Wimplicit-fallthrough -DITT_ARCH_IA64 -fcf-protection -ffreestanding -fvisibility=hidden -fpie -fno-strict-overflow -fno-delete-null-pointer-checks -B/usr/local/bin -Werror=format-security -DLIBCXXRT_NO_DEFAULT_TERMINATE_DIAGNOSTICS -DLIBCXXRT_NO_EMERGENCY_MALLOC -std=c99 -fno-builtin -DHAVE_SGX=1 -fPIC -DUNW_LOCAL_ONLY -fdebug-prefix-map=/data1/hz/linux-sgx-mage/sdk/cpprt/linux/libunwind=/libunwind   conftest.c >&5
conftest.c:61:10: fatal error: sys/link.h: No such file or directory
   61 | #include <sys/link.h>
      |          ^~~~~~~~~~~~
compilation terminated.
configure:18012: $? = 1
configure: failed program was:
| /* confdefs.h */
| #define PACKAGE_NAME "libunwind"
| #define PACKAGE_TARNAME "libunwind"
| #define PACKAGE_VERSION "1.3.1"
| #define PACKAGE_STRING "libunwind 1.3.1"
| #define PACKAGE_BUGREPORT "libunwind-devel@nongnu.org"
| #define PACKAGE_URL ""
| #define PACKAGE "libunwind"
| #define VERSION "1.3.1"
| #define HAVE_STDIO_H 1
| #define HAVE_STDLIB_H 1
| #define HAVE_STRING_H 1
| #define HAVE_INTTYPES_H 1
| #define HAVE_STDINT_H 1
| #define HAVE_STRINGS_H 1
| #define HAVE_SYS_STAT_H 1
| #define HAVE_SYS_TYPES_H 1
| #define HAVE_UNISTD_H 1
| #define STDC_HEADERS 1
| #define HAVE_DLFCN_H 1
| #define LT_OBJDIR ".libs/"
| #define HAVE_ENDIAN_H 1
| #define HAVE_EXECINFO_H 1
| #define HAVE_UNISTD_H 1
| #define HAVE_SIGNAL_H 1
| #define HAVE_SYS_TYPES_H 1
| #define HAVE_SYS_PROCFS_H 1
| #define HAVE_SYS_PTRACE_H 1
| #define HAVE_BYTESWAP_H 1
| #define HAVE_ELF_H 1
| #define HAVE_LINK_H 1
| /* end confdefs.h.  */
| #include <stddef.h>
| #ifdef HAVE_STDIO_H
| # include <stdio.h>
| #endif
| #ifdef HAVE_STDLIB_H
| # include <stdlib.h>
| #endif
| #ifdef HAVE_STRING_H
| # include <string.h>
| #endif
| #ifdef HAVE_INTTYPES_H
| # include <inttypes.h>
| #endif
| #ifdef HAVE_STDINT_H
| # include <stdint.h>
| #endif
| #ifdef HAVE_STRINGS_H
| # include <strings.h>
| #endif
| #ifdef HAVE_SYS_TYPES_H
| # include <sys/types.h>
| #endif
| #ifdef HAVE_SYS_STAT_H
| # include <sys/stat.h>
| #endif
| #ifdef HAVE_UNISTD_H
| # include <unistd.h>
| #endif
| #include <sys/link.h>
configure:18012: result: no
configure:18020: checking for an ANSI C-conforming const
configure:18087: gcc -c -Wjump-misses-init -Wstrict-prototypes -Wunsuffixed-float-constants -O2 -D_FORTIFY_SOURCE=3 -UDEBUG -DNDEBUG -fstack-clash-protection -ffunction-sections -fdata-sections -fstack-protector-strong -D_GLIBCXX_ASSERTIONS -Wall -Wextra -Winit-self -Wpointer-arith -Wreturn-type -Waddress -Wsequence-point -Wformat-security -Wmissing-include-dirs -Wfloat-equal -Wundef -Wshadow -Wcast-align -Wconversion -Wredundant-decls -Wimplicit-fallthrough -DITT_ARCH_IA64 -fcf-protection -ffreestanding -fvisibility=hidden -fpie -fno-strict-overflow -fno-delete-null-pointer-checks -B/usr/local/bin -Werror=format-security -DLIBCXXRT_NO_DEFAULT_TERMINATE_DIAGNOSTICS -DLIBCXXRT_NO_EMERGENCY_MALLOC -std=c99 -fno-builtin -DHAVE_SGX=1 -fPIC -DUNW_LOCAL_ONLY -fdebug-prefix-map=/data1/hz/linux-sgx-mage/sdk/cpprt/linux/libunwind=/libunwind   conftest.c >&5
configure:18087: $? = 0
configure:18095: result: yes
configure:18103: checking for inline
configure:18120: gcc -c -Wjump-misses-init -Wstrict-prototypes -Wunsuffixed-float-constants -O2 -D_FORTIFY_SOURCE=3 -UDEBUG -DNDEBUG -fstack-clash-protection -ffunction-sections -fdata-sections -fstack-protector-strong -D_GLIBCXX_ASSERTIONS -Wall -Wextra -Winit-self -Wpointer-arith -Wreturn-type -Waddress -Wsequence-point -Wformat-security -Wmissing-include-dirs -Wfloat-equal -Wundef -Wshadow -Wcast-align -Wconversion -Wredundant-decls -Wimplicit-fallthrough -DITT_ARCH_IA64 -fcf-protection -ffreestanding -fvisibility=hidden -fpie -fno-strict-overflow -fno-delete-null-pointer-checks -B/usr/local/bin -Werror=format-security -DLIBCXXRT_NO_DEFAULT_TERMINATE_DIAGNOSTICS -DLIBCXXRT_NO_EMERGENCY_MALLOC -std=c99 -fno-builtin -DHAVE_SGX=1 -fPIC -DUNW_LOCAL_ONLY -fdebug-prefix-map=/data1/hz/linux-sgx-mage/sdk/cpprt/linux/libunwind=/libunwind   conftest.c >&5
configure:18120: $? = 0
configure:18129: result: inline
configure:18147: checking for size_t
configure:18147: gcc -c -Wjump-misses-init -Wstrict-prototypes -Wunsuffixed-float-constants -O2 -D_FORTIFY_SOURCE=3 -UDEBUG -DNDEBUG -fstack-clash-protection -ffunction-sections -fdata-sections -fstack-protector-strong -D_GLIBCXX_ASSERTIONS -Wall -Wextra -Winit-self -Wpointer-arith -Wreturn-type -Waddress -Wsequence-point -Wformat-security -Wmissing-include-dirs -Wfloat-equal -Wundef -Wshadow -Wcast-align -Wconversion -Wredundant-decls -Wimplicit-fallthrough -DITT_ARCH_IA64 -fcf-protection -ffreestanding -fvisibility=hidden -fpie -fno-strict-overflow -fno-delete-null-pointer-checks -B/usr/local/bin -Werror=format-security -DLIBCXXRT_NO_DEFAULT_TERMINATE_DIAGNOSTICS -DLIBCXXRT_NO_EMERGENCY_MALLOC -std=c99 -fno-builtin -DHAVE_SGX=1 -fPIC -DUNW_LOCAL_ONLY -fdebug-prefix-map=/data1/hz/linux-sgx-mage/sdk/cpprt/linux/libunwind=/libunwind   conftest.c >&5
configure:18147: $? = 0
configure:18147: gcc -c -Wjump-misses-init -Wstrict-prototypes -Wunsuffixed-float-constants -O2 -D_FORTIFY_SOURCE=3 -UDEBUG -DNDEBUG -fstack-clash-protection -ffunction-sections -fdata-sections -fstack-protector-strong -D_GLIBCXX_ASSERTIONS -Wall -Wextra -Winit-self -Wpointer-arith -Wreturn-type -Waddress -Wsequence-point -Wformat-security -Wmissing-include-dirs -Wfloat-equal -Wundef -Wshadow -Wcast-align -Wconversion -Wredundant-decls -Wimplicit-fallthrough -DITT_ARCH_IA64 -fcf-protection -ffreestanding -fvisibility=hidden -fpie -fno-strict-overflow -fno-delete-null-pointer-checks -B/usr/local/bin -Werror=format-security -DLIBCXXRT_NO_DEFAULT_TERMINATE_DIAGNOSTICS -DLIBCXXRT_NO_EMERGENCY_MALLOC -std=c99 -fno-builtin -DHAVE_SGX=1 -fPIC -DUNW_LOCAL_ONLY -fdebug-prefix-map=/data1/hz/linux-sgx-mage/sdk/cpprt/linux/libunwind=/libunwind   conftest.c >&5
conftest.c: In function 'main':
conftest.c:64:21: error: expected expression before ')' token
   64 | if (sizeof ((size_t)))
      |                     ^
configure:18147: $? = 1
configure: failed program was:
| /* confdefs.h */
| #define PACKAGE_NAME "libunwind"
| #define PACKAGE_TARNAME "libunwind"
| #define PACKAGE_VERSION "1.3.1"
| #define PACKAGE_STRING "libunwind 1.3.1"
| #define PACKAGE_BUGREPORT "libunwind-devel@nongnu.org"
| #define PACKAGE_URL ""
| #define PACKAGE "libunwind"
| #define VERSION "1.3.1"
| #define HAVE_STDIO_H 1
| #define HAVE_STDLIB_H 1
| #define HAVE_STRING_H 1
| #define HAVE_INTTYPES_H 1
| #define HAVE_STDINT_H 1
| #define HAVE_STRINGS_H 1
| #define HAVE_SYS_STAT_H 1
| #define HAVE_SYS_TYPES_H 1
| #define HAVE_UNISTD_H 1
| #define STDC_HEADERS 1
| #define HAVE_DLFCN_H 1
| #define LT_OBJDIR ".libs/"
| #define HAVE_ENDIAN_H 1
| #define HAVE_EXECINFO_H 1
| #define HAVE_UNISTD_H 1
| #define HAVE_SIGNAL_H 1
| #define HAVE_SYS_TYPES_H 1
| #define HAVE_SYS_PROCFS_H 1
| #define HAVE_SYS_PTRACE_H 1
| #define HAVE_BYTESWAP_H 1
| #define HAVE_ELF_H 1
| #define HAVE_LINK_H 1
| /* end confdefs.h.  */
| #include <stddef.h>
| #ifdef HAVE_STDIO_H
| # include <stdio.h>
| #endif
| #ifdef HAVE_STDLIB_H
| # include <stdlib.h>
| #endif
| #ifdef HAVE_STRING_H
| # include <string.h>
| #endif
| #ifdef HAVE_INTTYPES_H
| # include <inttypes.h>
| #endif
| #ifdef HAVE_STDINT_H
| # include <stdint.h>
| #endif
| #ifdef HAVE_STRINGS_H
| # include <strings.h>
| #endif
| #ifdef HAVE_SYS_TYPES_H
| # include <sys/types.h>
| #endif
| #ifdef HAVE_SYS_STAT_H
| # include <sys/stat.h>
| #endif
| #ifdef HAVE_UNISTD_H
| # include <unistd.h>
| #endif
| int
| main (void)
| {
| if (sizeof ((size_t)))
| 	    return 0;
|   ;
|   return 0;
| }
configure:18147: result: yes
configure:18161: checking size of off_t
configure:18167: gcc -o conftest -Wjump-misses-init -Wstrict-prototypes -Wunsuffixed-float-constants -O2 -D_FORTIFY_SOURCE=3 -UDEBUG -DNDEBUG -fstack-clash-protection -ffunction-sections -fdata-sections -fstack-protector-strong -D_GLIBCXX_ASSERTIONS -Wall -Wextra -Winit-self -Wpointer-arith -Wreturn-type -Waddress -Wsequence-point -Wformat-security -Wmissing-include-dirs -Wfloat-equal -Wundef -Wshadow -Wcast-align -Wconversion -Wredundant-decls -Wimplicit-fallthrough -DITT_ARCH_IA64 -fcf-protection -ffreestanding -fvisibility=hidden -fpie -fno-strict-overflow -fno-delete-null-pointer-checks -B/usr/local/bin -Werror=format-security -DLIBCXXRT_NO_DEFAULT_TERMINATE_DIAGNOSTICS -DLIBCXXRT_NO_EMERGENCY_MALLOC -std=c99 -fno-builtin -DHAVE_SGX=1 -fPIC -DUNW_LOCAL_ONLY -fdebug-prefix-map=/data1/hz/linux-sgx-mage/sdk/cpprt/linux/libunwind=/libunwind    conftest.c  >&5
configure:18167: $? = 0
configure:18167: ./conftest
configure:18167: $? = 0
configure:18182: result: 8
configure:18193: checking for struct dl_phdr_info.dlpi_subs
configure:18193: gcc -c -Wjump-misses-init -Wstrict-prototypes -Wunsuffixed-float-constants -O2 -D_FORTIFY_SOURCE=3 -UDEBUG -DNDEBUG -fstack-clash-protection -ffunction-sections -fdata-sections -fstack-protector-strong -D_GLIBCXX_ASSERTIONS -Wall -Wextra -Winit-self -Wpointer-arith -Wreturn-type -Waddress -Wsequence-point -Wformat-security -Wmissing-include-dirs -Wfloat-equal -Wundef -Wshadow -Wcast-align -Wconversion -Wredundant-decls -Wimplicit-fallthrough -DITT_ARCH_IA64 -fcf-protection -ffreestanding -fvisibility=hidden -fpie -fno-strict-overflow -fno-delete-null-pointer-checks -B/usr/local/bin -Werror=format-security -DLIBCXXRT_NO_DEFAULT_TERMINATE_DIAGNOSTICS -DLIBCXXRT_NO_EMERGENCY_MALLOC -std=c99 -fno-builtin -DHAVE_SGX=1 -fPIC -DUNW_LOCAL_ONLY -fdebug-prefix-map=/data1/hz/linux-sgx-mage/sdk/cpprt/linux/libunwind=/libunwind   -D_GNU_SOURCE conftest.c >&5
configure:18193: $? = 0
configure:18193: result: yes
configure:18203: checking for struct elf_prstatus
configure:18203: gcc -c -Wjump-misses-init -Wstrict-prototypes -Wunsuffixed-float-constants -O2 -D_FORTIFY_SOURCE=3 -UDEBUG -DNDEBUG -fstack-clash-protection -ffunction-sections -fdata-sections -fstack-protector-strong -D_GLIBCXX_ASSERTIONS -Wall -Wextra -Winit-self -Wpointer-arith -Wreturn-type -Waddress -Wsequence-point -Wformat-security -Wmissing-include-dirs -Wfloat-equal -Wundef -Wshadow -Wcast-align -Wconversion -Wredundant-decls -Wimplicit-fallthrough -DITT_ARCH_IA64 -fcf-protection -ffreestanding -fvisibility=hidden -fpie -fno-strict-overflow -fno-delete-null-pointer-checks -B/usr/local/bin -Werror=format-security -DLIBCXXRT_NO_DEFAULT_TERMINATE_DIAGNOSTICS -DLIBCXXRT_NO_EMERGENCY_MALLOC -std=c99 -fno-builtin -DHAVE_SGX=1 -fPIC -DUNW_LOCAL_ONLY -fdebug-prefix-map=/data1/hz/linux-sgx-mage/sdk/cpprt/linux/libunwind=/libunwind   -D_GNU_SOURCE conftest.c >&5
configure:18203: $? = 0
configure:18203: gcc -c -Wjump-misses-init -Wstrict-prototypes -Wunsuffixed-float-constants -O2 -D_FORTIFY_SOURCE=3 -UDEBUG -DNDEBUG -fstack-clash-protection -ffunction-sections -fdata-sections -fstack-protector-strong -D_GLIBCXX_ASSERTIONS -Wall -Wextra -Winit-self -Wpointer-arith -Wreturn-type -Waddress -Wsequence-point -Wformat-security -Wmissing-include-dirs -Wfloat-equal -Wundef -Wshadow -Wcast-align -Wconversion -Wredundant-decls -Wimplicit-fallthrough -DITT_ARCH_IA64 -fcf-protection -ffreestanding -fvisibility=hidden -fpie -fno-strict-overflow -fno-delete-null-pointer-checks -B/usr/local/bin -Werror=format-security -DLIBCXXRT_NO_DEFAULT_TERMINATE_DIAGNOSTICS -DLIBCXXRT_NO_EMERGENCY_MALLOC -std=c99 -fno-builtin -DHAVE_SGX=1 -fPIC -DUNW_LOCAL_ONLY -fdebug-prefix-map=/data1/hz/linux-sgx-mage/sdk/cpprt/linux/libunwind=/libunwind   -D_GNU_SOURCE conftest.c >&5
conftest.c: In function 'main':
conftest.c:71:34: error: expected expression before ')' token
   71 | if (sizeof ((struct elf_prstatus)))
      |                                  ^
configure:18203: $? = 1
configure: failed program was:
| /* confdefs.h */
| #define PACKAGE_NAME "libunwind"
| #define PACKAGE_TARNAME "libunwind"
| #define PACKAGE_VERSION "1.3.1"
| #define PACKAGE_STRING "libunwind 1.3.1"
| #define PACKAGE_BUGREPORT "libunwind-devel@nongnu.org"
| #define PACKAGE_URL ""
| #define PACKAGE "libunwind"
| #define VERSION "1.3.1"
| #define HAVE_STDIO_H 1
| #define HAVE_STDLIB_H 1
| #define HAVE_STRING_H 1
| #define HAVE_INTTYPES_H 1
| #define HAVE_STDINT_H 1
| #define HAVE_STRINGS_H 1
| #define HAVE_SYS_STAT_H 1
| #define HAVE_SYS_TYPES_H 1
| #define HAVE_UNISTD_H 1
| #define STDC_HEADERS 1
| #define HAVE_DLFCN_H 1
| #define LT_OBJDIR ".libs/"
| #define HAVE_ENDIAN_H 1
| #define HAVE_EXECINFO_H 1
| #define HAVE_UNISTD_H 1
| #define HAVE_SIGNAL_H 1
| #define HAVE_SYS_TYPES_H 1
| #define HAVE_SYS_PROCFS_H 1
| #define HAVE_SYS_PTRACE_H 1
| #define HAVE_BYTESWAP_H 1
| #define HAVE_ELF_H 1
| #define HAVE_LINK_H 1
| #define SIZEOF_OFF_T 8
| #define HAVE_STRUCT_DL_PHDR_INFO_DLPI_SUBS 1
| /* end confdefs.h.  */
| #include <stddef.h>
| #ifdef HAVE_STDIO_H
| # include <stdio.h>
| #endif
| #ifdef HAVE_STDLIB_H
| # include <stdlib.h>
| #endif
| #ifdef HAVE_STRING_H
| # include <string.h>
| #endif
| #ifdef HAVE_INTTYPES_H
| # include <inttypes.h>
| #endif
| #ifdef HAVE_STDINT_H
| # include <stdint.h>
| #endif
| #ifdef HAVE_STRINGS_H
| # include <strings.h>
| #endif
| #ifdef HAVE_SYS_TYPES_H
| # include <sys/types.h>
| #endif
| #ifdef HAVE_SYS_STAT_H
| # include <sys/stat.h>
| #endif
| #ifdef HAVE_UNISTD_H
| # include <unistd.h>
| #endif
| #if HAVE_SYS_PROCFS_H
| # include <sys/procfs.h>
| #endif
| 
| 
| int
| main (void)
| {
| if (sizeof ((struct elf_prstatus)))
| 	    return 0;
|   ;
|   return 0;
| }
configure:18203: result: yes
configure:18216: checking for struct prstatus
configure:18216: gcc -c -Wjump-misses-init -Wstrict-prototypes -Wunsuffixed-float-constants -O2 -D_FORTIFY_SOURCE=3 -UDEBUG -DNDEBUG -fstack-clash-protection -ffunction-sections -fdata-sections -fstack-protector-strong -D_GLIBCXX_ASSERTIONS -Wall -Wextra -Winit-self -Wpointer-arith -Wreturn-type -Waddress -Wsequence-point -Wformat-security -Wmissing-include-dirs -Wfloat-equal -Wundef -Wshadow -Wcast-align -Wconversion -Wredundant-decls -Wimplicit-fallthrough -DITT_ARCH_IA64 -fcf-protection -ffreestanding -fvisibility=hidden -fpie -fno-strict-overflow -fno-delete-null-pointer-checks -B/usr/local/bin -Werror=format-security -DLIBCXXRT_NO_DEFAULT_TERMINATE_DIAGNOSTICS -DLIBCXXRT_NO_EMERGENCY_MALLOC -std=c99 -fno-builtin -DHAVE_SGX=1 -fPIC -DUNW_LOCAL_ONLY -fdebug-prefix-map=/data1/hz/linux-sgx-mage/sdk/cpprt/linux/libunwind=/libunwind   -D_GNU_SOURCE conftest.c >&5
conftest.c: In function 'main':
conftest.c:72:13: error: invalid application of 'sizeof' to incomplete type 'struct prstatus'
   72 | if (sizeof (struct prstatus))
      |             ^~~~~~
configure:18216: $? = 1
configure: failed program was:
| /* confdefs.h */
| #define PACKAGE_NAME "libunwind"
| #define PACKAGE_TARNAME "libunwind"
| #define PACKAGE_VERSION "1.3.1"
| #define PACKAGE_STRING "libunwind 1.3.1"
| #define PACKAGE_BUGREPORT "libunwind-devel@nongnu.org"
| #define PACKAGE_URL ""
| #define PACKAGE "libunwind"
| #define VERSION "1.3.1"
| #define HAVE_STDIO_H 1
| #define HAVE_STDLIB_H 1
| #define HAVE_STRING_H 1
| #define HAVE_INTTYPES_H 1
| #define HAVE_STDINT_H 1
| #define HAVE_STRINGS_H 1
| #define HAVE_SYS_STAT_H 1
| #define HAVE_SYS_TYPES_H 1
| #define HAVE_UNISTD_H 1
| #define STDC_HEADERS 1
| #define HAVE_DLFCN_H 1
| #define LT_OBJDIR ".libs/"
| #define HAVE_ENDIAN_H 1
| #define HAVE_EXECINFO_H 1
| #define HAVE_UNISTD_H 1
| #define HAVE_SIGNAL_H 1
| #define HAVE_SYS_TYPES_H 1
| #define HAVE_SYS_PROCFS_H 1
| #define HAVE_SYS_PTRACE_H 1
| #define HAVE_BYTESWAP_H 1
| #define HAVE_ELF_H 1
| #define HAVE_LINK_H 1
| #define SIZEOF_OFF_T 8
| #define HAVE_STRUCT_DL_PHDR_INFO_DLPI_SUBS 1
| #define HAVE_STRUCT_ELF_PRSTATUS 1
| /* end confdefs.h.  */
| #include <stddef.h>
| #ifdef HAVE_STDIO_H
| # include <stdio.h>
| #endif
| #ifdef HAVE_STDLIB_H
| # include <stdlib.h>
| #endif
| #ifdef HAVE_STRING_H
| # include <string.h>
| #endif
| #ifdef HAVE_INTTYPES_H
| # include <inttypes.h>
| #endif
| #ifdef HAVE_STDINT_H
| # include <stdint.h>
| #endif
| #ifdef HAVE_STRINGS_H
| # include <strings.h>
| #endif
| #ifdef HAVE_SYS_TYPES_H
| # include <sys/types.h>
| #endif
| #ifdef HAVE_SYS_STAT_H
| # include <sys/stat.h>
| #endif
| #ifdef HAVE_UNISTD_H
| # include <unistd.h>
| #endif
| #if HAVE_SYS_PROCFS_H
| # include <sys/procfs.h>
| #endif
| 
| 
| int
| main (void)
| {
| if (sizeof (struct prstatus))
| 	 return 0;
|   ;
|   return 0;
| }
configure:18216: result: no
configure:18231: checking for gcc options needed to detect all undeclared functions
configure:18253: gcc -c -Wjump-misses-init -Wstrict-prototypes -Wunsuffixed-float-constants -O2 -D_FORTIFY_SOURCE=3 -UDEBUG -DNDEBUG -fstack-clash-protection -ffunction-sections -fdata-sections -fstack-protector-strong -D_GLIBCXX_ASSERTIONS -Wall -Wextra -Winit-self -Wpointer-arith -Wreturn-type -Waddress -Wsequence-point -Wformat-security -Wmissing-include-dirs -Wfloat-equal -Wundef -Wshadow -Wcast-align -Wconversion -Wredundant-decls -Wimplicit-fallthrough -DITT_ARCH_IA64 -fcf-protection -ffreestanding -fvisibility=hidden -fpie -fno-strict-overflow -fno-delete-null-pointer-checks -B/usr/local/bin -Werror=format-security -DLIBCXXRT_NO_DEFAULT_TERMINATE_DIAGNOSTICS -DLIBCXXRT_NO_EMERGENCY_MALLOC -std=c99 -fno-builtin -DHAVE_SGX=1 -fPIC -DUNW_LOCAL_ONLY -fdebug-prefix-map=/data1/hz/linux-sgx-mage/sdk/cpprt/linux/libunwind=/libunwind    -D_GNU_SOURCE conftest.c >&5
conftest.c: In function 'main':
conftest.c:40:8: error: 'strchr' undeclared (first use in this function)
   40 | (void) strchr;
      |        ^~~~~~
conftest.c:1:1: note: 'strchr' is defined in header '<string.h>'; did you forget to '#include <string.h>'?
    1 | /* confdefs.h */
conftest.c:40:8: note: each undeclared identifier is reported only once for each function it appears in
   40 | (void) strchr;
      |        ^~~~~~
configure:18253: $? = 1
configure: failed program was:
| /* confdefs.h */
| #define PACKAGE_NAME "libunwind"
| #define PACKAGE_TARNAME "libunwind"
| #define PACKAGE_VERSION "1.3.1"
| #define PACKAGE_STRING "libunwind 1.3.1"
| #define PACKAGE_BUGREPORT "libunwind-devel@nongnu.org"
| #define PACKAGE_URL ""
| #define PACKAGE "libunwind"
| #define VERSION "1.3.1"
| #define HAVE_STDIO_H 1
| #define HAVE_STDLIB_H 1
| #define HAVE_STRING_H 1
| #define HAVE_INTTYPES_H 1
| #define HAVE_STDINT_H 1
| #define HAVE_STRINGS_H 1
| #define HAVE_SYS_STAT_H 1
| #define HAVE_SYS_TYPES_H 1
| #define HAVE_UNISTD_H 1
| #define STDC_HEADERS 1
| #define HAVE_DLFCN_H 1
| #define LT_OBJDIR ".libs/"
| #define HAVE_ENDIAN_H 1
| #define HAVE_EXECINFO_H 1
| #define HAVE_UNISTD_H 1
| #define HAVE_SIGNAL_H 1
| #define HAVE_SYS_TYPES_H 1
| #define HAVE_SYS_PROCFS_H 1
| #define HAVE_SYS_PTRACE_H 1
| #define HAVE_BYTESWAP_H 1
| #define HAVE_ELF_H 1
| #define HAVE_LINK_H 1
| #define SIZEOF_OFF_T 8
| #define HAVE_STRUCT_DL_PHDR_INFO_DLPI_SUBS 1
| #define HAVE_STRUCT_ELF_PRSTATUS 1
| /* end confdefs.h.  */
| 
| int
| main (void)
| {
| (void) strchr;
|   ;
|   return 0;
| }
configure:18280: gcc -c -Wjump-misses-init -Wstrict-prototypes -Wunsuffixed-float-constants -O2 -D_FORTIFY_SOURCE=3 -UDEBUG -DNDEBUG -fstack-clash-protection -ffunction-sections -fdata-sections -fstack-protector-strong -D_GLIBCXX_ASSERTIONS -Wall -Wextra -Winit-self -Wpointer-arith -Wreturn-type -Waddress -Wsequence-point -Wformat-security -Wmissing-include-dirs -Wfloat-equal -Wundef -Wshadow -Wcast-align -Wconversion -Wredundant-decls -Wimplicit-fallthrough -DITT_ARCH_IA64 -fcf-protection -ffreestanding -fvisibility=hidden -fpie -fno-strict-overflow -fno-delete-null-pointer-checks -B/usr/local/bin -Werror=format-security -DLIBCXXRT_NO_DEFAULT_TERMINATE_DIAGNOSTICS -DLIBCXXRT_NO_EMERGENCY_MALLOC -std=c99 -fno-builtin -DHAVE_SGX=1 -fPIC -DUNW_LOCAL_ONLY -fdebug-prefix-map=/data1/hz/linux-sgx-mage/sdk/cpprt/linux/libunwind=/libunwind    -D_GNU_SOURCE conftest.c >&5
configure:18280: $? = 0
configure:18297: result: none needed
configure:18311: checking whether PTRACE_POKEUSER is declared
configure:18311: gcc -c -Wjump-misses-init -Wstrict-prototypes -Wunsuffixed-float-constants -O2 -D_FORTIFY_SOURCE=3 -UDEBUG -DNDEBUG -fstack-clash-protection -ffunction-sections -fdata-sections -fstack-protector-strong -D_GLIBCXX_ASSERTIONS -Wall -Wextra -Winit-self -Wpointer-arith -Wreturn-type -Waddress -Wsequence-point -Wformat-security -Wmissing-include-dirs -Wfloat-equal -Wundef -Wshadow -Wcast-align -Wconversion -Wredundant-decls -Wimplicit-fallthrough -DITT_ARCH_IA64 -fcf-protection -ffreestanding -fvisibility=hidden -fpie -fno-strict-overflow -fno-delete-null-pointer-checks -B/usr/local/bin -Werror=format-security -DLIBCXXRT_NO_DEFAULT_TERMINATE_DIAGNOSTICS -DLIBCXXRT_NO_EMERGENCY_MALLOC -std=c99 -fno-builtin -DHAVE_SGX=1 -fPIC -DUNW_LOCAL_ONLY -fdebug-prefix-map=/data1/hz/linux-sgx-mage/sdk/cpprt/linux/libunwind=/libunwind    -D_GNU_SOURCE conftest.c >&5
configure:18311: $? = 0
configure:18311: result: yes
configure:18325: checking whether PTRACE_POKEDATA is declared
configure:18325: gcc -c -Wjump-misses-init -Wstrict-prototypes -Wunsuffixed-float-constants -O2 -D_FORTIFY_SOURCE=3 -UDEBUG -DNDEBUG -fstack-clash-protection -ffunction-sections -fdata-sections -fstack-protector-strong -D_GLIBCXX_ASSERTIONS -Wall -Wextra -Winit-self -Wpointer-arith -Wreturn-type -Waddress -Wsequence-point -Wformat-security -Wmissing-include-dirs -Wfloat-equal -Wundef -Wshadow -Wcast-align -Wconversion -Wredundant-decls -Wimplicit-fallthrough -DITT_ARCH_IA64 -fcf-protection -ffreestanding -fvisibility=hidden -fpie -fno-strict-overflow -fno-delete-null-pointer-checks -B/usr/local/bin -Werror=format-security -DLIBCXXRT_NO_DEFAULT_TERMINATE_DIAGNOSTICS -DLIBCXXRT_NO_EMERGENCY_MALLOC -std=c99 -fno-builtin -DHAVE_SGX=1 -fPIC -DUNW_LOCAL_ONLY -fdebug-prefix-map=/data1/hz/linux-sgx-mage/sdk/cpprt/linux/libunwind=/libunwind    -D_GNU_SOURCE conftest.c >&5
configure:18325: $? = 0
configure:18325: result: yes
configure:18339: checking whether PTRACE_SETREGSET is declared
configure:18339: gcc -c -Wjump-misses-init -Wstrict-prototypes -Wunsuffixed-float-constants -O2 -D_FORTIFY_SOURCE=3 -UDEBUG -DNDEBUG -fstack-clash-protection -ffunction-sections -fdata-sections -fstack-protector-strong -D_GLIBCXX_ASSERTIONS -Wall -Wextra -Winit-self -Wpointer-arith -Wreturn-type -Waddress -Wsequence-point -Wformat-security -Wmissing-include-dirs -Wfloat-equal -Wundef -Wshadow -Wcast-align -Wconversion -Wredundant-decls -Wimplicit-fallthrough -DITT_ARCH_IA64 -fcf-protection -ffreestanding -fvisibility=hidden -fpie -fno-strict-overflow -fno-delete-null-pointer-checks -B/usr/local/bin -Werror=format-security -DLIBCXXRT_NO_DEFAULT_TERMINATE_DIAGNOSTICS -DLIBCXXRT_NO_EMERGENCY_MALLOC -std=c99 -fno-builtin -DHAVE_SGX=1 -fPIC -DUNW_LOCAL_ONLY -fdebug-prefix-map=/data1/hz/linux-sgx-mage/sdk/cpprt/linux/libunwind=/libunwind    -D_GNU_SOURCE conftest.c >&5
configure:18339: $? = 0
configure:18339: result: yes
configure:18353: checking whether PTRACE_TRACEME is declared
configure:18353: gcc -c -Wjump-misses-init -Wstrict-prototypes -Wunsuffixed-float-constants -O2 -D_FORTIFY_SOURCE=3 -UDEBUG -DNDEBUG -fstack-clash-protection -ffunction-sections -fdata-sections -fstack-protector-strong -D_GLIBCXX_ASSERTIONS -Wall -Wextra -Winit-self -Wpointer-arith -Wreturn-type -Waddress -Wsequence-point -Wformat-security -Wmissing-include-dirs -Wfloat-equal -Wundef -Wshadow -Wcast-align -Wconversion -Wredundant-decls -Wimplicit-fallthrough -DITT_ARCH_IA64 -fcf-protection -ffreestanding -fvisibility=hidden -fpie -fno-strict-overflow -fno-delete-null-pointer-checks -B/usr/local/bin -Werror=format-security -DLIBCXXRT_NO_DEFAULT_TERMINATE_DIAGNOSTICS -DLIBCXXRT_NO_EMERGENCY_MALLOC -std=c99 -fno-builtin -DHAVE_SGX=1 -fPIC -DUNW_LOCAL_ONLY -fdebug-prefix-map=/data1/hz/linux-sgx-mage/sdk/cpprt/linux/libunwind=/libunwind    -D_GNU_SOURCE conftest.c >&5
configure:18353: $? = 0
configure:18353: result: yes
configure:18367: checking whether PTRACE_CONT is declared
configure:18367: gcc -c -Wjump-misses-init -Wstrict-prototypes -Wunsuffixed-float-constants -O2 -D_FORTIFY_SOURCE=3 -UDEBUG -DNDEBUG -fstack-clash-protection -ffunction-sections -fdata-sections -fstack-protector-strong -D_GLIBCXX_ASSERTIONS -Wall -Wextra -Winit-self -Wpointer-arith -Wreturn-type -Waddress -Wsequence-point -Wformat-security -Wmissing-include-dirs -Wfloat-equal -Wundef -Wshadow -Wcast-align -Wconversion -Wredundant-decls -Wimplicit-fallthrough -DITT_ARCH_IA64 -fcf-protection -ffreestanding -fvisibility=hidden -fpie -fno-strict-overflow -fno-delete-null-pointer-checks -B/usr/local/bin -Werror=format-security -DLIBCXXRT_NO_DEFAULT_TERMINATE_DIAGNOSTICS -DLIBCXXRT_NO_EMERGENCY_MALLOC -std=c99 -fno-builtin -DHAVE_SGX=1 -fPIC -DUNW_LOCAL_ONLY -fdebug-prefix-map=/data1/hz/linux-sgx-mage/sdk/cpprt/linux/libunwind=/libunwind    -D_GNU_SOURCE conftest.c >&5
configure:18367: $? = 0
configure:18367: result: yes
configure:18381: checking whether PTRACE_SINGLESTEP is declared
configure:18381: gcc -c -Wjump-misses-init -Wstrict-prototypes -Wunsuffixed-float-constants -O2 -D_FORTIFY_SOURCE=3 -UDEBUG -DNDEBUG -fstack-clash-protection -ffunction-sections -fdata-sections -fstack-protector-strong -D_GLIBCXX_ASSERTIONS -Wall -Wextra -Winit-self -Wpointer-arith -Wreturn-type -Waddress -Wsequence-point -Wformat-security -Wmissing-include-dirs -Wfloat-equal -Wundef -Wshadow -Wcast-align -Wconversion -Wredundant-decls -Wimplicit-fallthrough -DITT_ARCH_IA64 -fcf-protection -ffreestanding -fvisibility=hidden -fpie -fno-strict-overflow -fno-delete-null-pointer-checks -B/usr/local/bin -Werror=format-security -DLIBCXXRT_NO_DEFAULT_TERMINATE_DIAGNOSTICS -DLIBCXXRT_NO_EMERGENCY_MALLOC -std=c99 -fno-builtin -DHAVE_SGX=1 -fPIC -DUNW_LOCAL_ONLY -fdebug-prefix-map=/data1/hz/linux-sgx-mage/sdk/cpprt/linux/libunwind=/libunwind    -D_GNU_SOURCE conftest.c >&5
configure:18381: $? = 0
configure:18381: result: yes
configure:18395: checking whether PTRACE_SYSCALL is declared
configure:18395: gcc -c -Wjump-misses-init -Wstrict-prototypes -Wunsuffixed-float-constants -O2 -D_FORTIFY_SOURCE=3 -UDEBUG -DNDEBUG -fstack-clash-protection -ffunction-sections -fdata-sections -fstack-protector-strong -D_GLIBCXX_ASSERTIONS -Wall -Wextra -Winit-self -Wpointer-arith -Wreturn-type -Waddress -Wsequence-point -Wformat-security -Wmissing-include-dirs -Wfloat-equal -Wundef -Wshadow -Wcast-align -Wconversion -Wredundant-decls -Wimplicit-fallthrough -DITT_ARCH_IA64 -fcf-protection -ffreestanding -fvisibility=hidden -fpie -fno-strict-overflow -fno-delete-null-pointer-checks -B/usr/local/bin -Werror=format-security -DLIBCXXRT_NO_DEFAULT_TERMINATE_DIAGNOSTICS -DLIBCXXRT_NO_EMERGENCY_MALLOC -std=c99 -fno-builtin -DHAVE_SGX=1 -fPIC -DUNW_LOCAL_ONLY -fdebug-prefix-map=/data1/hz/linux-sgx-mage/sdk/cpprt/linux/libunwind=/libunwind    -D_GNU_SOURCE conftest.c >&5
configure:18395: $? = 0
configure:18395: result: yes
configure:18409: checking whether PT_IO is declared
configure:18409: gcc -c -Wjump-misses-init -Wstrict-prototypes -Wunsuffixed-float-constants -O2 -D_FORTIFY_SOURCE=3 -UDEBUG -DNDEBUG -fstack-clash-protection -ffunction-sections -fdata-sections -fstack-protector-strong -D_GLIBCXX_ASSERTIONS -Wall -Wextra -Winit-self -Wpointer-arith -Wreturn-type -Waddress -Wsequence-point -Wformat-security -Wmissing-include-dirs -Wfloat-equal -Wundef -Wshadow -Wcast-align -Wconversion -Wredundant-decls -Wimplicit-fallthrough -DITT_ARCH_IA64 -fcf-protection -ffreestanding -fvisibility=hidden -fpie -fno-strict-overflow -fno-delete-null-pointer-checks -B/usr/local/bin -Werror=format-security -DLIBCXXRT_NO_DEFAULT_TERMINATE_DIAGNOSTICS -DLIBCXXRT_NO_EMERGENCY_MALLOC -std=c99 -fno-builtin -DHAVE_SGX=1 -fPIC -DUNW_LOCAL_ONLY -fdebug-prefix-map=/data1/hz/linux-sgx-mage/sdk/cpprt/linux/libunwind=/libunwind    -D_GNU_SOURCE conftest.c >&5
conftest.c: In function 'main':
conftest.c:84:10: error: 'PT_IO' undeclared (first use in this function); did you mean 'PT_KILL'?
   84 |   (void) PT_IO;
      |          ^~~~~
      |          PT_KILL
conftest.c:84:10: note: each undeclared identifier is reported only once for each function it appears in
configure:18409: $? = 1
configure: failed program was:
| /* confdefs.h */
| #define PACKAGE_NAME "libunwind"
| #define PACKAGE_TARNAME "libunwind"
| #define PACKAGE_VERSION "1.3.1"
| #define PACKAGE_STRING "libunwind 1.3.1"
| #define PACKAGE_BUGREPORT "libunwind-devel@nongnu.org"
| #define PACKAGE_URL ""
| #define PACKAGE "libunwind"
| #define VERSION "1.3.1"
| #define HAVE_STDIO_H 1
| #define HAVE_STDLIB_H 1
| #define HAVE_STRING_H 1
| #define HAVE_INTTYPES_H 1
| #define HAVE_STDINT_H 1
| #define HAVE_STRINGS_H 1
| #define HAVE_SYS_STAT_H 1
| #define HAVE_SYS_TYPES_H 1
| #define HAVE_UNISTD_H 1
| #define STDC_HEADERS 1
| #define HAVE_DLFCN_H 1
| #define LT_OBJDIR ".libs/"
| #define HAVE_ENDIAN_H 1
| #define HAVE_EXECINFO_H 1
| #define HAVE_UNISTD_H 1
| #define HAVE_SIGNAL_H 1
| #define HAVE_SYS_TYPES_H 1
| #define HAVE_SYS_PROCFS_H 1
| #define HAVE_SYS_PTRACE_H 1
| #define HAVE_BYTESWAP_H 1
| #define HAVE_ELF_H 1
| #define HAVE_LINK_H 1
| #define SIZEOF_OFF_T 8
| #define HAVE_STRUCT_DL_PHDR_INFO_DLPI_SUBS 1
| #define HAVE_STRUCT_ELF_PRSTATUS 1
| #define HAVE_DECL_PTRACE_POKEUSER 1
| #define HAVE_DECL_PTRACE_POKEDATA 1
| #define HAVE_DECL_PTRACE_SETREGSET 1
| #define HAVE_DECL_PTRACE_TRACEME 1
| #define HAVE_DECL_PTRACE_CONT 1
| #define HAVE_DECL_PTRACE_SINGLESTEP 1
| #define HAVE_DECL_PTRACE_SYSCALL 1
| /* end confdefs.h.  */
| #include <stddef.h>
| #ifdef HAVE_STDIO_H
| # include <stdio.h>
| #endif
| #ifdef HAVE_STDLIB_H
| # include <stdlib.h>
| #endif
| #ifdef HAVE_STRING_H
| # include <string.h>
| #endif
| #ifdef HAVE_INTTYPES_H
| # include <inttypes.h>
| #endif
| #ifdef HAVE_STDINT_H
| # include <stdint.h>
| #endif
| #ifdef HAVE_STRINGS_H
| # include <strings.h>
| #endif
| #ifdef HAVE_SYS_TYPES_H
| # include <sys/types.h>
| #endif
| #ifdef HAVE_SYS_STAT_H
| # include <sys/stat.h>
| #endif
| #ifdef HAVE_UNISTD_H
| # include <unistd.h>
| #endif
| #if HAVE_SYS_TYPES_H
| #include <sys/types.h>
| #endif
| #include <sys/ptrace.h>
| 
| 
| int
| main (void)
| {
| #ifndef PT_IO
| #ifdef __cplusplus
|   (void) PT_IO;
| #else
|   (void) PT_IO;
| #endif
| #endif
| 
|   ;
|   return 0;
| }
configure:18409: result: no
configure:18423: checking whether PT_GETREGS is declared
configure:18423: gcc -c -Wjump-misses-init -Wstrict-prototypes -Wunsuffixed-float-constants -O2 -D_FORTIFY_SOURCE=3 -UDEBUG -DNDEBUG -fstack-clash-protection -ffunction-sections -fdata-sections -fstack-protector-strong -D_GLIBCXX_ASSERTIONS -Wall -Wextra -Winit-self -Wpointer-arith -Wreturn-type -Waddress -Wsequence-point -Wformat-security -Wmissing-include-dirs -Wfloat-equal -Wundef -Wshadow -Wcast-align -Wconversion -Wredundant-decls -Wimplicit-fallthrough -DITT_ARCH_IA64 -fcf-protection -ffreestanding -fvisibility=hidden -fpie -fno-strict-overflow -fno-delete-null-pointer-checks -B/usr/local/bin -Werror=format-security -DLIBCXXRT_NO_DEFAULT_TERMINATE_DIAGNOSTICS -DLIBCXXRT_NO_EMERGENCY_MALLOC -std=c99 -fno-builtin -DHAVE_SGX=1 -fPIC -DUNW_LOCAL_ONLY -fdebug-prefix-map=/data1/hz/linux-sgx-mage/sdk/cpprt/linux/libunwind=/libunwind    -D_GNU_SOURCE conftest.c >&5
configure:18423: $? = 0
configure:18423: result: yes
configure:18437: checking whether PT_GETFPREGS is declared
configure:18437: gcc -c -Wjump-misses-init -Wstrict-prototypes -Wunsuffixed-float-constants -O2 -D_FORTIFY_SOURCE=3 -UDEBUG -DNDEBUG -fstack-clash-protection -ffunction-sections -fdata-sections -fstack-protector-strong -D_GLIBCXX_ASSERTIONS -Wall -Wextra -Winit-self -Wpointer-arith -Wreturn-type -Waddress -Wsequence-point -Wformat-security -Wmissing-include-dirs -Wfloat-equal -Wundef -Wshadow -Wcast-align -Wconversion -Wredundant-decls -Wimplicit-fallthrough -DITT_ARCH_IA64 -fcf-protection -ffreestanding -fvisibility=hidden -fpie -fno-strict-overflow -fno-delete-null-pointer-checks -B/usr/local/bin -Werror=format-security -DLIBCXXRT_NO_DEFAULT_TERMINATE_DIAGNOSTICS -DLIBCXXRT_NO_EMERGENCY_MALLOC -std=c99 -fno-builtin -DHAVE_SGX=1 -fPIC -DUNW_LOCAL_ONLY -fdebug-prefix-map=/data1/hz/linux-sgx-mage/sdk/cpprt/linux/libunwind=/libunwind    -D_GNU_SOURCE conftest.c >&5
configure:18437: $? = 0
configure:18437: result: yes
configure:18451: checking whether PT_CONTINUE is declared
configure:18451: gcc -c -Wjump-misses-init -Wstrict-prototypes -Wunsuffixed-float-constants -O2 -D_FORTIFY_SOURCE=3 -UDEBUG -DNDEBUG -fstack-clash-protection -ffunction-sections -fdata-sections -fstack-protector-strong -D_GLIBCXX_ASSERTIONS -Wall -Wextra -Winit-self -Wpointer-arith -Wreturn-type -Waddress -Wsequence-point -Wformat-security -Wmissing-include-dirs -Wfloat-equal -Wundef -Wshadow -Wcast-align -Wconversion -Wredundant-decls -Wimplicit-fallthrough -DITT_ARCH_IA64 -fcf-protection -ffreestanding -fvisibility=hidden -fpie -fno-strict-overflow -fno-delete-null-pointer-checks -B/usr/local/bin -Werror=format-security -DLIBCXXRT_NO_DEFAULT_TERMINATE_DIAGNOSTICS -DLIBCXXRT_NO_EMERGENCY_MALLOC -std=c99 -fno-builtin -DHAVE_SGX=1 -fPIC -DUNW_LOCAL_ONLY -fdebug-prefix-map=/data1/hz/linux-sgx-mage/sdk/cpprt/linux/libunwind=/libunwind    -D_GNU_SOURCE conftest.c >&5
configure:18451: $? = 0
configure:18451: result: yes
configure:18465: checking whether PT_TRACE_ME is declared
configure:18465: gcc -c -Wjump-misses-init -Wstrict-prototypes -Wunsuffixed-float-constants -O2 -D_FORTIFY_SOURCE=3 -UDEBUG -DNDEBUG -fstack-clash-protection -ffunction-sections -fdata-sections -fstack-protector-strong -D_GLIBCXX_ASSERTIONS -Wall -Wextra -Winit-self -Wpointer-arith -Wreturn-type -Waddress -Wsequence-point -Wformat-security -Wmissing-include-dirs -Wfloat-equal -Wundef -Wshadow -Wcast-align -Wconversion -Wredundant-decls -Wimplicit-fallthrough -DITT_ARCH_IA64 -fcf-protection -ffreestanding -fvisibility=hidden -fpie -fno-strict-overflow -fno-delete-null-pointer-checks -B/usr/local/bin -Werror=format-security -DLIBCXXRT_NO_DEFAULT_TERMINATE_DIAGNOSTICS -DLIBCXXRT_NO_EMERGENCY_MALLOC -std=c99 -fno-builtin -DHAVE_SGX=1 -fPIC -DUNW_LOCAL_ONLY -fdebug-prefix-map=/data1/hz/linux-sgx-mage/sdk/cpprt/linux/libunwind=/libunwind    -D_GNU_SOURCE conftest.c >&5
configure:18465: $? = 0
configure:18465: result: yes
configure:18479: checking whether PT_STEP is declared
configure:18479: gcc -c -Wjump-misses-init -Wstrict-prototypes -Wunsuffixed-float-constants -O2 -D_FORTIFY_SOURCE=3 -UDEBUG -DNDEBUG -fstack-clash-protection -ffunction-sections -fdata-sections -fstack-protector-strong -D_GLIBCXX_ASSERTIONS -Wall -Wextra -Winit-self -Wpointer-arith -Wreturn-type -Waddress -Wsequence-point -Wformat-security -Wmissing-include-dirs -Wfloat-equal -Wundef -Wshadow -Wcast-align -Wconversion -Wredundant-decls -Wimplicit-fallthrough -DITT_ARCH_IA64 -fcf-protection -ffreestanding -fvisibility=hidden -fpie -fno-strict-overflow -fno-delete-null-pointer-checks -B/usr/local/bin -Werror=format-security -DLIBCXXRT_NO_DEFAULT_TERMINATE_DIAGNOSTICS -DLIBCXXRT_NO_EMERGENCY_MALLOC -std=c99 -fno-builtin -DHAVE_SGX=1 -fPIC -DUNW_LOCAL_ONLY -fdebug-prefix-map=/data1/hz/linux-sgx-mage/sdk/cpprt/linux/libunwind=/libunwind    -D_GNU_SOURCE conftest.c >&5
configure:18479: $? = 0
configure:18479: result: yes
configure:18493: checking whether PT_SYSCALL is declared
configure:18493: gcc -c -Wjump-misses-init -Wstrict-prototypes -Wunsuffixed-float-constants -O2 -D_FORTIFY_SOURCE=3 -UDEBUG -DNDEBUG -fstack-clash-protection -ffunction-sections -fdata-sections -fstack-protector-strong -D_GLIBCXX_ASSERTIONS -Wall -Wextra -Winit-self -Wpointer-arith -Wreturn-type -Waddress -Wsequence-point -Wformat-security -Wmissing-include-dirs -Wfloat-equal -Wundef -Wshadow -Wcast-align -Wconversion -Wredundant-decls -Wimplicit-fallthrough -DITT_ARCH_IA64 -fcf-protection -ffreestanding -fvisibility=hidden -fpie -fno-strict-overflow -fno-delete-null-pointer-checks -B/usr/local/bin -Werror=format-security -DLIBCXXRT_NO_DEFAULT_TERMINATE_DIAGNOSTICS -DLIBCXXRT_NO_EMERGENCY_MALLOC -std=c99 -fno-builtin -DHAVE_SGX=1 -fPIC -DUNW_LOCAL_ONLY -fdebug-prefix-map=/data1/hz/linux-sgx-mage/sdk/cpprt/linux/libunwind=/libunwind    -D_GNU_SOURCE conftest.c >&5
configure:18493: $? = 0
configure:18493: result: yes
configure:18509: checking for dl_iterate_phdr
configure:18509: gcc -o conftest -Wjump-misses-init -Wstrict-prototypes -Wunsuffixed-float-constants -O2 -D_FORTIFY_SOURCE=3 -UDEBUG -DNDEBUG -fstack-clash-protection -ffunction-sections -fdata-sections -fstack-protector-strong -D_GLIBCXX_ASSERTIONS -Wall -Wextra -Winit-self -Wpointer-arith -Wreturn-type -Waddress -Wsequence-point -Wformat-security -Wmissing-include-dirs -Wfloat-equal -Wundef -Wshadow -Wcast-align -Wconversion -Wredundant-decls -Wimplicit-fallthrough -DITT_ARCH_IA64 -fcf-protection -ffreestanding -fvisibility=hidden -fpie -fno-strict-overflow -fno-delete-null-pointer-checks -B/usr/local/bin -Werror=format-security -DLIBCXXRT_NO_DEFAULT_TERMINATE_DIAGNOSTICS -DLIBCXXRT_NO_EMERGENCY_MALLOC -std=c99 -fno-builtin -DHAVE_SGX=1 -fPIC -DUNW_LOCAL_ONLY -fdebug-prefix-map=/data1/hz/linux-sgx-mage/sdk/cpprt/linux/libunwind=/libunwind   -D_GNU_SOURCE  conftest.c  >&5
conftest.c:66:1: warning: function declaration isn't a prototype [-Wstrict-prototypes]
   66 | char dl_iterate_phdr ();
      | ^~~~
configure:18509: $? = 0
configure:18509: result: yes
configure:18515: checking for dl_phdr_removals_counter
configure:18515: gcc -o conftest -Wjump-misses-init -Wstrict-prototypes -Wunsuffixed-float-constants -O2 -D_FORTIFY_SOURCE=3 -UDEBUG -DNDEBUG -fstack-clash-protection -ffunction-sections -fdata-sections -fstack-protector-strong -D_GLIBCXX_ASSERTIONS -Wall -Wextra -Winit-self -Wpointer-arith -Wreturn-type -Waddress -Wsequence-point -Wformat-security -Wmissing-include-dirs -Wfloat-equal -Wundef -Wshadow -Wcast-align -Wconversion -Wredundant-decls -Wimplicit-fallthrough -DITT_ARCH_IA64 -fcf-protection -ffreestanding -fvisibility=hidden -fpie -fno-strict-overflow -fno-delete-null-pointer-checks -B/usr/local/bin -Werror=format-security -DLIBCXXRT_NO_DEFAULT_TERMINATE_DIAGNOSTICS -DLIBCXXRT_NO_EMERGENCY_MALLOC -std=c99 -fno-builtin -DHAVE_SGX=1 -fPIC -DUNW_LOCAL_ONLY -fdebug-prefix-map=/data1/hz/linux-sgx-mage/sdk/cpprt/linux/libunwind=/libunwind   -D_GNU_SOURCE  conftest.c  >&5
conftest.c:67:1: warning: function declaration isn't a prototype [-Wstrict-prototypes]
   67 | char dl_phdr_removals_counter ();
      | ^~~~
/usr/local/bin/ld: /tmp/ccJ99Xrh.o: in function `main':
conftest.c:(.text.startup.main+0xb): undefined reference to `dl_phdr_removals_counter'
collect2: error: ld returned 1 exit status
configure:18515: $? = 1
configure: failed program was:
| /* confdefs.h */
| #define PACKAGE_NAME "libunwind"
| #define PACKAGE_TARNAME "libunwind"
| #define PACKAGE_VERSION "1.3.1"
| #define PACKAGE_STRING "libunwind 1.3.1"
| #define PACKAGE_BUGREPORT "libunwind-devel@nongnu.org"
| #define PACKAGE_URL ""
| #define PACKAGE "libunwind"
| #define VERSION "1.3.1"
| #define HAVE_STDIO_H 1
| #define HAVE_STDLIB_H 1
| #define HAVE_STRING_H 1
| #define HAVE_INTTYPES_H 1
| #define HAVE_STDINT_H 1
| #define HAVE_STRINGS_H 1
| #define HAVE_SYS_STAT_H 1
| #define HAVE_SYS_TYPES_H 1
| #define HAVE_UNISTD_H 1
| #define STDC_HEADERS 1
| #define HAVE_DLFCN_H 1
| #define LT_OBJDIR ".libs/"
| #define HAVE_ENDIAN_H 1
| #define HAVE_EXECINFO_H 1
| #define HAVE_UNISTD_H 1
| #define HAVE_SIGNAL_H 1
| #define HAVE_SYS_TYPES_H 1
| #define HAVE_SYS_PROCFS_H 1
| #define HAVE_SYS_PTRACE_H 1
| #define HAVE_BYTESWAP_H 1
| #define HAVE_ELF_H 1
| #define HAVE_LINK_H 1
| #define SIZEOF_OFF_T 8
| #define HAVE_STRUCT_DL_PHDR_INFO_DLPI_SUBS 1
| #define HAVE_STRUCT_ELF_PRSTATUS 1
| #define HAVE_DECL_PTRACE_POKEUSER 1
| #define HAVE_DECL_PTRACE_POKEDATA 1
| #define HAVE_DECL_PTRACE_SETREGSET 1
| #define HAVE_DECL_PTRACE_TRACEME 1
| #define HAVE_DECL_PTRACE_CONT 1
| #define HAVE_DECL_PTRACE_SINGLESTEP 1
| #define HAVE_DECL_PTRACE_SYSCALL 1
| #define HAVE_DECL_PT_IO 0
| #define HAVE_DECL_PT_GETREGS 1
| #define HAVE_DECL_PT_GETFPREGS 1
| #define HAVE_DECL_PT_CONTINUE 1
| #define HAVE_DECL_PT_TRACE_ME 1
| #define HAVE_DECL_PT_STEP 1
| #define HAVE_DECL_PT_SYSCALL 1
| #define HAVE_DL_ITERATE_PHDR 1
| /* end confdefs.h.  */
| /* Define dl_phdr_removals_counter to an innocuous variant, in case <limits.h> declares dl_phdr_removals_counter.
|    For example, HP-UX 11i <limits.h> declares gettimeofday.  */
| #define dl_phdr_removals_counter innocuous_dl_phdr_removals_counter
| 
| /* System header to define __stub macros and hopefully few prototypes,
|    which can conflict with char dl_phdr_removals_counter (); below.  */
| 
| #include <limits.h>
| #undef dl_phdr_removals_counter
| 
| /* Override any GCC internal prototype to avoid an error.
|    Use char because int might match the return type of a GCC
|    builtin and then its argument prototype would still apply.  */
| #ifdef __cplusplus
| extern "C"
| #endif
| char dl_phdr_removals_counter ();
| /* The GNU C library defines this for functions which it implements
|     to always fail with ENOSYS.  Some functions are actually named
|     something starting with __ and the normal name is an alias.  */
| #if defined __stub_dl_phdr_removals_counter || defined __stub___dl_phdr_removals_counter
| choke me
| #endif
| 
| int
| main (void)
| {
| return dl_phdr_removals_counter ();
|   ;
|   return 0;
| }
configure:18515: result: no
configure:18521: checking for dlmodinfo
configure:18521: gcc -o conftest -Wjump-misses-init -Wstrict-prototypes -Wunsuffixed-float-constants -O2 -D_FORTIFY_SOURCE=3 -UDEBUG -DNDEBUG -fstack-clash-protection -ffunction-sections -fdata-sections -fstack-protector-strong -D_GLIBCXX_ASSERTIONS -Wall -Wextra -Winit-self -Wpointer-arith -Wreturn-type -Waddress -Wsequence-point -Wformat-security -Wmissing-include-dirs -Wfloat-equal -Wundef -Wshadow -Wcast-align -Wconversion -Wredundant-decls -Wimplicit-fallthrough -DITT_ARCH_IA64 -fcf-protection -ffreestanding -fvisibility=hidden -fpie -fno-strict-overflow -fno-delete-null-pointer-checks -B/usr/local/bin -Werror=format-security -DLIBCXXRT_NO_DEFAULT_TERMINATE_DIAGNOSTICS -DLIBCXXRT_NO_EMERGENCY_MALLOC -std=c99 -fno-builtin -DHAVE_SGX=1 -fPIC -DUNW_LOCAL_ONLY -fdebug-prefix-map=/data1/hz/linux-sgx-mage/sdk/cpprt/linux/libunwind=/libunwind   -D_GNU_SOURCE  conftest.c  >&5
conftest.c:67:1: warning: function declaration isn't a prototype [-Wstrict-prototypes]
   67 | char dlmodinfo ();
      | ^~~~
/usr/local/bin/ld: /tmp/ccwBH2BY.o: in function `main':
conftest.c:(.text.startup.main+0xb): undefined reference to `dlmodinfo'
collect2: error: ld returned 1 exit status
configure:18521: $? = 1
configure: failed program was:
| /* confdefs.h */
| #define PACKAGE_NAME "libunwind"
| #define PACKAGE_TARNAME "libunwind"
| #define PACKAGE_VERSION "1.3.1"
| #define PACKAGE_STRING "libunwind 1.3.1"
| #define PACKAGE_BUGREPORT "libunwind-devel@nongnu.org"
| #define PACKAGE_URL ""
| #define PACKAGE "libunwind"
| #define VERSION "1.3.1"
| #define HAVE_STDIO_H 1
| #define HAVE_STDLIB_H 1
| #define HAVE_STRING_H 1
| #define HAVE_INTTYPES_H 1
| #define HAVE_STDINT_H 1
| #define HAVE_STRINGS_H 1
| #define HAVE_SYS_STAT_H 1
| #define HAVE_SYS_TYPES_H 1
| #define HAVE_UNISTD_H 1
| #define STDC_HEADERS 1
| #define HAVE_DLFCN_H 1
| #define LT_OBJDIR ".libs/"
| #define HAVE_ENDIAN_H 1
| #define HAVE_EXECINFO_H 1
| #define HAVE_UNISTD_H 1
| #define HAVE_SIGNAL_H 1
| #define HAVE_SYS_TYPES_H 1
| #define HAVE_SYS_PROCFS_H 1
| #define HAVE_SYS_PTRACE_H 1
| #define HAVE_BYTESWAP_H 1
| #define HAVE_ELF_H 1
| #define HAVE_LINK_H 1
| #define SIZEOF_OFF_T 8
| #define HAVE_STRUCT_DL_PHDR_INFO_DLPI_SUBS 1
| #define HAVE_STRUCT_ELF_PRSTATUS 1
| #define HAVE_DECL_PTRACE_POKEUSER 1
| #define HAVE_DECL_PTRACE_POKEDATA 1
| #define HAVE_DECL_PTRACE_SETREGSET 1
| #define HAVE_DECL_PTRACE_TRACEME 1
| #define HAVE_DECL_PTRACE_CONT 1
| #define HAVE_DECL_PTRACE_SINGLESTEP 1
| #define HAVE_DECL_PTRACE_SYSCALL 1
| #define HAVE_DECL_PT_IO 0
| #define HAVE_DECL_PT_GETREGS 1
| #define HAVE_DECL_PT_GETFPREGS 1
| #define HAVE_DECL_PT_CONTINUE 1
| #define HAVE_DECL_PT_TRACE_ME 1
| #define HAVE_DECL_PT_STEP 1
| #define HAVE_DECL_PT_SYSCALL 1
| #define HAVE_DL_ITERATE_PHDR 1
| /* end confdefs.h.  */
| /* Define dlmodinfo to an innocuous variant, in case <limits.h> declares dlmodinfo.
|    For example, HP-UX 11i <limits.h> declares gettimeofday.  */
| #define dlmodinfo innocuous_dlmodinfo
| 
| /* System header to define __stub macros and hopefully few prototypes,
|    which can conflict with char dlmodinfo (); below.  */
| 
| #include <limits.h>
| #undef dlmodinfo
| 
| /* Override any GCC internal prototype to avoid an error.
|    Use char because int might match the return type of a GCC
|    builtin and then its argument prototype would still apply.  */
| #ifdef __cplusplus
| extern "C"
| #endif
| char dlmodinfo ();
| /* The GNU C library defines this for functions which it implements
|     to always fail with ENOSYS.  Some functions are actually named
|     something starting with __ and the normal name is an alias.  */
| #if defined __stub_dlmodinfo || defined __stub___dlmodinfo
| choke me
| #endif
| 
| int
| main (void)
| {
| return dlmodinfo ();
|   ;
|   return 0;
| }
configure:18521: result: no
configure:18527: checking for getunwind
configure:18527: gcc -o conftest -Wjump-misses-init -Wstrict-prototypes -Wunsuffixed-float-constants -O2 -D_FORTIFY_SOURCE=3 -UDEBUG -DNDEBUG -fstack-clash-protection -ffunction-sections -fdata-sections -fstack-protector-strong -D_GLIBCXX_ASSERTIONS -Wall -Wextra -Winit-self -Wpointer-arith -Wreturn-type -Waddress -Wsequence-point -Wformat-security -Wmissing-include-dirs -Wfloat-equal -Wundef -Wshadow -Wcast-align -Wconversion -Wredundant-decls -Wimplicit-fallthrough -DITT_ARCH_IA64 -fcf-protection -ffreestanding -fvisibility=hidden -fpie -fno-strict-overflow -fno-delete-null-pointer-checks -B/usr/local/bin -Werror=format-security -DLIBCXXRT_NO_DEFAULT_TERMINATE_DIAGNOSTICS -DLIBCXXRT_NO_EMERGENCY_MALLOC -std=c99 -fno-builtin -DHAVE_SGX=1 -fPIC -DUNW_LOCAL_ONLY -fdebug-prefix-map=/data1/hz/linux-sgx-mage/sdk/cpprt/linux/libunwind=/libunwind   -D_GNU_SOURCE  conftest.c  >&5
conftest.c:67:1: warning: function declaration isn't a prototype [-Wstrict-prototypes]
   67 | char getunwind ();
      | ^~~~
/usr/local/bin/ld: /tmp/cccKt8xS.o: in function `main':
conftest.c:(.text.startup.main+0xb): undefined reference to `getunwind'
collect2: error: ld returned 1 exit status
configure:18527: $? = 1
configure: failed program was:
| /* confdefs.h */
| #define PACKAGE_NAME "libunwind"
| #define PACKAGE_TARNAME "libunwind"
| #define PACKAGE_VERSION "1.3.1"
| #define PACKAGE_STRING "libunwind 1.3.1"
| #define PACKAGE_BUGREPORT "libunwind-devel@nongnu.org"
| #define PACKAGE_URL ""
| #define PACKAGE "libunwind"
| #define VERSION "1.3.1"
| #define HAVE_STDIO_H 1
| #define HAVE_STDLIB_H 1
| #define HAVE_STRING_H 1
| #define HAVE_INTTYPES_H 1
| #define HAVE_STDINT_H 1
| #define HAVE_STRINGS_H 1
| #define HAVE_SYS_STAT_H 1
| #define HAVE_SYS_TYPES_H 1
| #define HAVE_UNISTD_H 1
| #define STDC_HEADERS 1
| #define HAVE_DLFCN_H 1
| #define LT_OBJDIR ".libs/"
| #define HAVE_ENDIAN_H 1
| #define HAVE_EXECINFO_H 1
| #define HAVE_UNISTD_H 1
| #define HAVE_SIGNAL_H 1
| #define HAVE_SYS_TYPES_H 1
| #define HAVE_SYS_PROCFS_H 1
| #define HAVE_SYS_PTRACE_H 1
| #define HAVE_BYTESWAP_H 1
| #define HAVE_ELF_H 1
| #define HAVE_LINK_H 1
| #define SIZEOF_OFF_T 8
| #define HAVE_STRUCT_DL_PHDR_INFO_DLPI_SUBS 1
| #define HAVE_STRUCT_ELF_PRSTATUS 1
| #define HAVE_DECL_PTRACE_POKEUSER 1
| #define HAVE_DECL_PTRACE_POKEDATA 1
| #define HAVE_DECL_PTRACE_SETREGSET 1
| #define HAVE_DECL_PTRACE_TRACEME 1
| #define HAVE_DECL_PTRACE_CONT 1
| #define HAVE_DECL_PTRACE_SINGLESTEP 1
| #define HAVE_DECL_PTRACE_SYSCALL 1
| #define HAVE_DECL_PT_IO 0
| #define HAVE_DECL_PT_GETREGS 1
| #define HAVE_DECL_PT_GETFPREGS 1
| #define HAVE_DECL_PT_CONTINUE 1
| #define HAVE_DECL_PT_TRACE_ME 1
| #define HAVE_DECL_PT_STEP 1
| #define HAVE_DECL_PT_SYSCALL 1
| #define HAVE_DL_ITERATE_PHDR 1
| /* end confdefs.h.  */
| /* Define getunwind to an innocuous variant, in case <limits.h> declares getunwind.
|    For example, HP-UX 11i <limits.h> declares gettimeofday.  */
| #define getunwind innocuous_getunwind
| 
| /* System header to define __stub macros and hopefully few prototypes,
|    which can conflict with char getunwind (); below.  */
| 
| #include <limits.h>
| #undef getunwind
| 
| /* Override any GCC internal prototype to avoid an error.
|    Use char because int might match the return type of a GCC
|    builtin and then its argument prototype would still apply.  */
| #ifdef __cplusplus
| extern "C"
| #endif
| char getunwind ();
| /* The GNU C library defines this for functions which it implements
|     to always fail with ENOSYS.  Some functions are actually named
|     something starting with __ and the normal name is an alias.  */
| #if defined __stub_getunwind || defined __stub___getunwind
| choke me
| #endif
| 
| int
| main (void)
| {
| return getunwind ();
|   ;
|   return 0;
| }
configure:18527: result: no
configure:18533: checking for ttrace
configure:18533: gcc -o conftest -Wjump-misses-init -Wstrict-prototypes -Wunsuffixed-float-constants -O2 -D_FORTIFY_SOURCE=3 -UDEBUG -DNDEBUG -fstack-clash-protection -ffunction-sections -fdata-sections -fstack-protector-strong -D_GLIBCXX_ASSERTIONS -Wall -Wextra -Winit-self -Wpointer-arith -Wreturn-type -Waddress -Wsequence-point -Wformat-security -Wmissing-include-dirs -Wfloat-equal -Wundef -Wshadow -Wcast-align -Wconversion -Wredundant-decls -Wimplicit-fallthrough -DITT_ARCH_IA64 -fcf-protection -ffreestanding -fvisibility=hidden -fpie -fno-strict-overflow -fno-delete-null-pointer-checks -B/usr/local/bin -Werror=format-security -DLIBCXXRT_NO_DEFAULT_TERMINATE_DIAGNOSTICS -DLIBCXXRT_NO_EMERGENCY_MALLOC -std=c99 -fno-builtin -DHAVE_SGX=1 -fPIC -DUNW_LOCAL_ONLY -fdebug-prefix-map=/data1/hz/linux-sgx-mage/sdk/cpprt/linux/libunwind=/libunwind   -D_GNU_SOURCE  conftest.c  >&5
conftest.c:67:1: warning: function declaration isn't a prototype [-Wstrict-prototypes]
   67 | char ttrace ();
      | ^~~~
/usr/local/bin/ld: /tmp/ccPHT6OG.o: in function `main':
conftest.c:(.text.startup.main+0xb): undefined reference to `ttrace'
collect2: error: ld returned 1 exit status
configure:18533: $? = 1
configure: failed program was:
| /* confdefs.h */
| #define PACKAGE_NAME "libunwind"
| #define PACKAGE_TARNAME "libunwind"
| #define PACKAGE_VERSION "1.3.1"
| #define PACKAGE_STRING "libunwind 1.3.1"
| #define PACKAGE_BUGREPORT "libunwind-devel@nongnu.org"
| #define PACKAGE_URL ""
| #define PACKAGE "libunwind"
| #define VERSION "1.3.1"
| #define HAVE_STDIO_H 1
| #define HAVE_STDLIB_H 1
| #define HAVE_STRING_H 1
| #define HAVE_INTTYPES_H 1
| #define HAVE_STDINT_H 1
| #define HAVE_STRINGS_H 1
| #define HAVE_SYS_STAT_H 1
| #define HAVE_SYS_TYPES_H 1
| #define HAVE_UNISTD_H 1
| #define STDC_HEADERS 1
| #define HAVE_DLFCN_H 1
| #define LT_OBJDIR ".libs/"
| #define HAVE_ENDIAN_H 1
| #define HAVE_EXECINFO_H 1
| #define HAVE_UNISTD_H 1
| #define HAVE_SIGNAL_H 1
| #define HAVE_SYS_TYPES_H 1
| #define HAVE_SYS_PROCFS_H 1
| #define HAVE_SYS_PTRACE_H 1
| #define HAVE_BYTESWAP_H 1
| #define HAVE_ELF_H 1
| #define HAVE_LINK_H 1
| #define SIZEOF_OFF_T 8
| #define HAVE_STRUCT_DL_PHDR_INFO_DLPI_SUBS 1
| #define HAVE_STRUCT_ELF_PRSTATUS 1
| #define HAVE_DECL_PTRACE_POKEUSER 1
| #define HAVE_DECL_PTRACE_POKEDATA 1
| #define HAVE_DECL_PTRACE_SETREGSET 1
| #define HAVE_DECL_PTRACE_TRACEME 1
| #define HAVE_DECL_PTRACE_CONT 1
| #define HAVE_DECL_PTRACE_SINGLESTEP 1
| #define HAVE_DECL_PTRACE_SYSCALL 1
| #define HAVE_DECL_PT_IO 0
| #define HAVE_DECL_PT_GETREGS 1
| #define HAVE_DECL_PT_GETFPREGS 1
| #define HAVE_DECL_PT_CONTINUE 1
| #define HAVE_DECL_PT_TRACE_ME 1
| #define HAVE_DECL_PT_STEP 1
| #define HAVE_DECL_PT_SYSCALL 1
| #define HAVE_DL_ITERATE_PHDR 1
| /* end confdefs.h.  */
| /* Define ttrace to an innocuous variant, in case <limits.h> declares ttrace.
|    For example, HP-UX 11i <limits.h> declares gettimeofday.  */
| #define ttrace innocuous_ttrace
| 
| /* System header to define __stub macros and hopefully few prototypes,
|    which can conflict with char ttrace (); below.  */
| 
| #include <limits.h>
| #undef ttrace
| 
| /* Override any GCC internal prototype to avoid an error.
|    Use char because int might match the return type of a GCC
|    builtin and then its argument prototype would still apply.  */
| #ifdef __cplusplus
| extern "C"
| #endif
| char ttrace ();
| /* The GNU C library defines this for functions which it implements
|     to always fail with ENOSYS.  Some functions are actually named
|     something starting with __ and the normal name is an alias.  */
| #if defined __stub_ttrace || defined __stub___ttrace
| choke me
| #endif
| 
| int
| main (void)
| {
| return ttrace ();
|   ;
|   return 0;
| }
configure:18533: result: no
configure:18539: checking for mincore
configure:18539: gcc -o conftest -Wjump-misses-init -Wstrict-prototypes -Wunsuffixed-float-constants -O2 -D_FORTIFY_SOURCE=3 -UDEBUG -DNDEBUG -fstack-clash-protection -ffunction-sections -fdata-sections -fstack-protector-strong -D_GLIBCXX_ASSERTIONS -Wall -Wextra -Winit-self -Wpointer-arith -Wreturn-type -Waddress -Wsequence-point -Wformat-security -Wmissing-include-dirs -Wfloat-equal -Wundef -Wshadow -Wcast-align -Wconversion -Wredundant-decls -Wimplicit-fallthrough -DITT_ARCH_IA64 -fcf-protection -ffreestanding -fvisibility=hidden -fpie -fno-strict-overflow -fno-delete-null-pointer-checks -B/usr/local/bin -Werror=format-security -DLIBCXXRT_NO_DEFAULT_TERMINATE_DIAGNOSTICS -DLIBCXXRT_NO_EMERGENCY_MALLOC -std=c99 -fno-builtin -DHAVE_SGX=1 -fPIC -DUNW_LOCAL_ONLY -fdebug-prefix-map=/data1/hz/linux-sgx-mage/sdk/cpprt/linux/libunwind=/libunwind   -D_GNU_SOURCE  conftest.c  >&5
conftest.c:67:1: warning: function declaration isn't a prototype [-Wstrict-prototypes]
   67 | char mincore ();
      | ^~~~
configure:18539: $? = 0
configure:18539: result: yes
configure:18547: checking if building with AltiVec
configure:18557: gcc -c -Wjump-misses-init -Wstrict-prototypes -Wunsuffixed-float-constants -O2 -D_FORTIFY_SOURCE=3 -UDEBUG -DNDEBUG -fstack-clash-protection -ffunction-sections -fdata-sections -fstack-protector-strong -D_GLIBCXX_ASSERTIONS -Wall -Wextra -Winit-self -Wpointer-arith -Wreturn-type -Waddress -Wsequence-point -Wformat-security -Wmissing-include-dirs -Wfloat-equal -Wundef -Wshadow -Wcast-align -Wconversion -Wredundant-decls -Wimplicit-fallthrough -DITT_ARCH_IA64 -fcf-protection -ffreestanding -fvisibility=hidden -fpie -fno-strict-overflow -fno-delete-null-pointer-checks -B/usr/local/bin -Werror=format-security -DLIBCXXRT_NO_DEFAULT_TERMINATE_DIAGNOSTICS -DLIBCXXRT_NO_EMERGENCY_MALLOC -std=c99 -fno-builtin -DHAVE_SGX=1 -fPIC -DUNW_LOCAL_ONLY -fdebug-prefix-map=/data1/hz/linux-sgx-mage/sdk/cpprt/linux/libunwind=/libunwind   -D_GNU_SOURCE conftest.c >&5
conftest.c:54:3: error: #error choke
   54 | # error choke
      |   ^~~~~
configure:18557: $? = 1
configure: failed program was:
| /* confdefs.h */
| #define PACKAGE_NAME "libunwind"
| #define PACKAGE_TARNAME "libunwind"
| #define PACKAGE_VERSION "1.3.1"
| #define PACKAGE_STRING "libunwind 1.3.1"
| #define PACKAGE_BUGREPORT "libunwind-devel@nongnu.org"
| #define PACKAGE_URL ""
| #define PACKAGE "libunwind"
| #define VERSION "1.3.1"
| #define HAVE_STDIO_H 1
| #define HAVE_STDLIB_H 1
| #define HAVE_STRING_H 1
| #define HAVE_INTTYPES_H 1
| #define HAVE_STDINT_H 1
| #define HAVE_STRINGS_H 1
| #define HAVE_SYS_STAT_H 1
| #define HAVE_SYS_TYPES_H 1
| #define HAVE_UNISTD_H 1
| #define STDC_HEADERS 1
| #define HAVE_DLFCN_H 1
| #define LT_OBJDIR ".libs/"
| #define HAVE_ENDIAN_H 1
| #define HAVE_EXECINFO_H 1
| #define HAVE_UNISTD_H 1
| #define HAVE_SIGNAL_H 1
| #define HAVE_SYS_TYPES_H 1
| #define HAVE_SYS_PROCFS_H 1
| #define HAVE_SYS_PTRACE_H 1
| #define HAVE_BYTESWAP_H 1
| #define HAVE_ELF_H 1
| #define HAVE_LINK_H 1
| #define SIZEOF_OFF_T 8
| #define HAVE_STRUCT_DL_PHDR_INFO_DLPI_SUBS 1
| #define HAVE_STRUCT_ELF_PRSTATUS 1
| #define HAVE_DECL_PTRACE_POKEUSER 1
| #define HAVE_DECL_PTRACE_POKEDATA 1
| #define HAVE_DECL_PTRACE_SETREGSET 1
| #define HAVE_DECL_PTRACE_TRACEME 1
| #define HAVE_DECL_PTRACE_CONT 1
| #define HAVE_DECL_PTRACE_SINGLESTEP 1
| #define HAVE_DECL_PTRACE_SYSCALL 1
| #define HAVE_DECL_PT_IO 0
| #define HAVE_DECL_PT_GETREGS 1
| #define HAVE_DECL_PT_GETFPREGS 1
| #define HAVE_DECL_PT_CONTINUE 1
| #define HAVE_DECL_PT_TRACE_ME 1
| #define HAVE_DECL_PT_STEP 1
| #define HAVE_DECL_PT_SYSCALL 1
| #define HAVE_DL_ITERATE_PHDR 1
| #define HAVE_MINCORE 1
| /* end confdefs.h.  */
| 
| #ifndef __ALTIVEC__
| # error choke
| #endif
| 
configure:18572: result: no
configure:18583: gcc -c -Wjump-misses-init -Wstrict-prototypes -Wunsuffixed-float-constants -O2 -D_FORTIFY_SOURCE=3 -UDEBUG -DNDEBUG -fstack-clash-protection -ffunction-sections -fdata-sections -fstack-protector-strong -D_GLIBCXX_ASSERTIONS -Wall -Wextra -Winit-self -Wpointer-arith -Wreturn-type -Waddress -Wsequence-point -Wformat-security -Wmissing-include-dirs -Wfloat-equal -Wundef -Wshadow -Wcast-align -Wconversion -Wredundant-decls -Wimplicit-fallthrough -DITT_ARCH_IA64 -fcf-protection -ffreestanding -fvisibility=hidden -fpie -fno-strict-overflow -fno-delete-null-pointer-checks -B/usr/local/bin -Werror=format-security -DLIBCXXRT_NO_DEFAULT_TERMINATE_DIAGNOSTICS -DLIBCXXRT_NO_EMERGENCY_MALLOC -std=c99 -fno-builtin -DHAVE_SGX=1 -fPIC -DUNW_LOCAL_ONLY -fdebug-prefix-map=/data1/hz/linux-sgx-mage/sdk/cpprt/linux/libunwind=/libunwind   -D_GNU_SOURCE conftest.c >&5
conftest.c:54:3: error: #error choke
   54 | # error choke
      |   ^~~~~
configure:18583: $? = 1
configure: failed program was:
| /* confdefs.h */
| #define PACKAGE_NAME "libunwind"
| #define PACKAGE_TARNAME "libunwind"
| #define PACKAGE_VERSION "1.3.1"
| #define PACKAGE_STRING "libunwind 1.3.1"
| #define PACKAGE_BUGREPORT "libunwind-devel@nongnu.org"
| #define PACKAGE_URL ""
| #define PACKAGE "libunwind"
| #define VERSION "1.3.1"
| #define HAVE_STDIO_H 1
| #define HAVE_STDLIB_H 1
| #define HAVE_STRING_H 1
| #define HAVE_INTTYPES_H 1
| #define HAVE_STDINT_H 1
| #define HAVE_STRINGS_H 1
| #define HAVE_SYS_STAT_H 1
| #define HAVE_SYS_TYPES_H 1
| #define HAVE_UNISTD_H 1
| #define STDC_HEADERS 1
| #define HAVE_DLFCN_H 1
| #define LT_OBJDIR ".libs/"
| #define HAVE_ENDIAN_H 1
| #define HAVE_EXECINFO_H 1
| #define HAVE_UNISTD_H 1
| #define HAVE_SIGNAL_H 1
| #define HAVE_SYS_TYPES_H 1
| #define HAVE_SYS_PROCFS_H 1
| #define HAVE_SYS_PTRACE_H 1
| #define HAVE_BYTESWAP_H 1
| #define HAVE_ELF_H 1
| #define HAVE_LINK_H 1
| #define SIZEOF_OFF_T 8
| #define HAVE_STRUCT_DL_PHDR_INFO_DLPI_SUBS 1
| #define HAVE_STRUCT_ELF_PRSTATUS 1
| #define HAVE_DECL_PTRACE_POKEUSER 1
| #define HAVE_DECL_PTRACE_POKEDATA 1
| #define HAVE_DECL_PTRACE_SETREGSET 1
| #define HAVE_DECL_PTRACE_TRACEME 1
| #define HAVE_DECL_PTRACE_CONT 1
| #define HAVE_DECL_PTRACE_SINGLESTEP 1
| #define HAVE_DECL_PTRACE_SYSCALL 1
| #define HAVE_DECL_PT_IO 0
| #define HAVE_DECL_PT_GETREGS 1
| #define HAVE_DECL_PT_GETFPREGS 1
| #define HAVE_DECL_PT_CONTINUE 1
| #define HAVE_DECL_PT_TRACE_ME 1
| #define HAVE_DECL_PT_STEP 1
| #define HAVE_DECL_PT_SYSCALL 1
| #define HAVE_DL_ITERATE_PHDR 1
| #define HAVE_MINCORE 1
| /* end confdefs.h.  */
| 
| #ifndef __powerpc64__
| # error choke
| #endif
| 
configure:18666: checking for Android
configure:18676: result: no
configure:18696: checking if we should build libunwind-coredump
configure:18698: result: no
configure:18718: checking if we should build libunwind-ptrace
configure:18720: result: no
configure:18756: checking if we should build libunwind-setjmp
configure:18758: result: no
configure:18761: checking for build architecture
configure:18763: result: x86_64
configure:18765: checking for host architecture
configure:18767: result: x86_64
configure:18769: checking for target architecture
configure:18771: result: x86_64
configure:18773: checking for target operating system
configure:18775: result: linux-gnu
configure:18939: checking for ELF helper width
configure:18944: result: 64
configure:18975: checking whether to include DWARF support
configure:18990: result: yes
configure:19000: checking whether to restrict build to remote support
configure:19008: result: no
configure:19011: checking whether to enable debug support
configure:19024: result: no
configure:19027: checking whether to enable C++ exception support
configure:19056: result: yes
configure:19059: checking whether to load .debug_frame sections
configure:19079: result: no
configure:19082: checking whether to block signals during mutex ops
configure:19097: result: no
configure:19100: checking whether to validate memory addresses before use
configure:19115: result: yes
configure:19118: checking whether to enable msabi support
configure:19131: result: 
configure:19135: checking whether to support LZMA-compressed symbol tables
configure:19145: result: auto
configure:19148: checking for lzma_mf_is_supported in -llzma
configure:19171: gcc -o conftest -Wjump-misses-init -Wstrict-prototypes -Wunsuffixed-float-constants -O2 -D_FORTIFY_SOURCE=3 -UDEBUG -DNDEBUG -fstack-clash-protection -ffunction-sections -fdata-sections -fstack-protector-strong -D_GLIBCXX_ASSERTIONS -Wall -Wextra -Winit-self -Wpointer-arith -Wreturn-type -Waddress -Wsequence-point -Wformat-security -Wmissing-include-dirs -Wfloat-equal -Wundef -Wshadow -Wcast-align -Wconversion -Wredundant-decls -Wimplicit-fallthrough -DITT_ARCH_IA64 -fcf-protection -ffreestanding -fvisibility=hidden -fpie -fno-strict-overflow -fno-delete-null-pointer-checks -B/usr/local/bin -Werror=format-security -DLIBCXXRT_NO_DEFAULT_TERMINATE_DIAGNOSTICS -DLIBCXXRT_NO_EMERGENCY_MALLOC -std=c99 -fno-builtin -DHAVE_SGX=1 -fPIC -DUNW_LOCAL_ONLY -fdebug-prefix-map=/data1/hz/linux-sgx-mage/sdk/cpprt/linux/libunwind=/libunwind   -D_GNU_SOURCE -DNDEBUG  conftest.c -llzma   >&5
conftest.c:57:1: warning: function declaration isn't a prototype [-Wstrict-prototypes]
   57 | char lzma_mf_is_supported ();
      | ^~~~
configure:19171: $? = 0
configure:19181: result: yes
configure:19210: checking whether to support UNW_CACHE_PER_THREAD
configure:19218: result: 
configure:19267: checking for Intel compiler
configure:19282: gcc -c -Wjump-misses-init -Wstrict-prototypes -Wunsuffixed-float-constants -O2 -D_FORTIFY_SOURCE=3 -UDEBUG -DNDEBUG -fstack-clash-protection -ffunction-sections -fdata-sections -fstack-protector-strong -D_GLIBCXX_ASSERTIONS -Wall -Wextra -Winit-self -Wpointer-arith -Wreturn-type -Waddress -Wsequence-point -Wformat-security -Wmissing-include-dirs -Wfloat-equal -Wundef -Wshadow -Wcast-align -Wconversion -Wredundant-decls -Wimplicit-fallthrough -DITT_ARCH_IA64 -fcf-protection -ffreestanding -fvisibility=hidden -fpie -fno-strict-overflow -fno-delete-null-pointer-checks -B/usr/local/bin -Werror=format-security -DLIBCXXRT_NO_DEFAULT_TERMINATE_DIAGNOSTICS -DLIBCXXRT_NO_EMERGENCY_MALLOC -std=c99 -fno-builtin -DHAVE_SGX=1 -fPIC -DUNW_LOCAL_ONLY -fdebug-prefix-map=/data1/hz/linux-sgx-mage/sdk/cpprt/linux/libunwind=/libunwind   -D_GNU_SOURCE -DNDEBUG conftest.c >&5
conftest.c: In function 'main':
conftest.c:59:2: error: #error choke me
   59 | #error choke me
      |  ^~~~~
configure:19282: $? = 1
configure: failed program was:
| /* confdefs.h */
| #define PACKAGE_NAME "libunwind"
| #define PACKAGE_TARNAME "libunwind"
| #define PACKAGE_VERSION "1.3.1"
| #define PACKAGE_STRING "libunwind 1.3.1"
| #define PACKAGE_BUGREPORT "libunwind-devel@nongnu.org"
| #define PACKAGE_URL ""
| #define PACKAGE "libunwind"
| #define VERSION "1.3.1"
| #define HAVE_STDIO_H 1
| #define HAVE_STDLIB_H 1
| #define HAVE_STRING_H 1
| #define HAVE_INTTYPES_H 1
| #define HAVE_STDINT_H 1
| #define HAVE_STRINGS_H 1
| #define HAVE_SYS_STAT_H 1
| #define HAVE_SYS_TYPES_H 1
| #define HAVE_UNISTD_H 1
| #define STDC_HEADERS 1
| #define HAVE_DLFCN_H 1
| #define LT_OBJDIR ".libs/"
| #define HAVE_ENDIAN_H 1
| #define HAVE_EXECINFO_H 1
| #define HAVE_UNISTD_H 1
| #define HAVE_SIGNAL_H 1
| #define HAVE_SYS_TYPES_H 1
| #define HAVE_SYS_PROCFS_H 1
| #define HAVE_SYS_PTRACE_H 1
| #define HAVE_BYTESWAP_H 1
| #define HAVE_ELF_H 1
| #define HAVE_LINK_H 1
| #define SIZEOF_OFF_T 8
| #define HAVE_STRUCT_DL_PHDR_INFO_DLPI_SUBS 1
| #define HAVE_STRUCT_ELF_PRSTATUS 1
| #define HAVE_DECL_PTRACE_POKEUSER 1
| #define HAVE_DECL_PTRACE_POKEDATA 1
| #define HAVE_DECL_PTRACE_SETREGSET 1
| #define HAVE_DECL_PTRACE_TRACEME 1
| #define HAVE_DECL_PTRACE_CONT 1
| #define HAVE_DECL_PTRACE_SINGLESTEP 1
| #define HAVE_DECL_PTRACE_SYSCALL 1
| #define HAVE_DECL_PT_IO 0
| #define HAVE_DECL_PT_GETREGS 1
| #define HAVE_DECL_PT_GETFPREGS 1
| #define HAVE_DECL_PT_CONTINUE 1
| #define HAVE_DECL_PT_TRACE_ME 1
| #define HAVE_DECL_PT_STEP 1
| #define HAVE_DECL_PT_SYSCALL 1
| #define HAVE_DL_ITERATE_PHDR 1
| #define HAVE_MINCORE 1
| #define CONSERVATIVE_CHECKS 1
| #define HAVE_LZMA 1
| /* end confdefs.h.  */
| 
| int
| main (void)
| {
| #ifndef __INTEL_COMPILER
| #error choke me
| #endif
|   ;
|   return 0;
| }
configure:19293: result: no
configure:19296: checking for QCC compiler
configure:19304: result: no
configure:19349: checking for __builtin___clear_cache
configure:19362: gcc -o conftest -Wjump-misses-init -Wstrict-prototypes -Wunsuffixed-float-constants -O2 -D_FORTIFY_SOURCE=3 -UDEBUG -DNDEBUG -fstack-clash-protection -ffunction-sections -fdata-sections -fstack-protector-strong -D_GLIBCXX_ASSERTIONS -Wall -Wextra -Winit-self -Wpointer-arith -Wreturn-type -Waddress -Wsequence-point -Wformat-security -Wmissing-include-dirs -Wfloat-equal -Wundef -Wshadow -Wcast-align -Wconversion -Wredundant-decls -Wimplicit-fallthrough -DITT_ARCH_IA64 -fcf-protection -ffreestanding -fvisibility=hidden -fpie -fno-strict-overflow -fno-delete-null-pointer-checks -B/usr/local/bin -Werror=format-security -DLIBCXXRT_NO_DEFAULT_TERMINATE_DIAGNOSTICS -DLIBCXXRT_NO_EMERGENCY_MALLOC -std=c99 -fno-builtin -DHAVE_SGX=1 -fPIC -DUNW_LOCAL_ONLY -fdebug-prefix-map=/data1/hz/linux-sgx-mage/sdk/cpprt/linux/libunwind=/libunwind  -fexceptions -Wall -Wsign-compare  -D_GNU_SOURCE -DNDEBUG  conftest.c  >&5
configure:19362: $? = 0
configure:19375: result: yes
configure:19378: checking for __builtin_unreachable
configure:19391: gcc -o conftest -Wjump-misses-init -Wstrict-prototypes -Wunsuffixed-float-constants -O2 -D_FORTIFY_SOURCE=3 -UDEBUG -DNDEBUG -fstack-clash-protection -ffunction-sections -fdata-sections -fstack-protector-strong -D_GLIBCXX_ASSERTIONS -Wall -Wextra -Winit-self -Wpointer-arith -Wreturn-type -Waddress -Wsequence-point -Wformat-security -Wmissing-include-dirs -Wfloat-equal -Wundef -Wshadow -Wcast-align -Wconversion -Wredundant-decls -Wimplicit-fallthrough -DITT_ARCH_IA64 -fcf-protection -ffreestanding -fvisibility=hidden -fpie -fno-strict-overflow -fno-delete-null-pointer-checks -B/usr/local/bin -Werror=format-security -DLIBCXXRT_NO_DEFAULT_TERMINATE_DIAGNOSTICS -DLIBCXXRT_NO_EMERGENCY_MALLOC -std=c99 -fno-builtin -DHAVE_SGX=1 -fPIC -DUNW_LOCAL_ONLY -fdebug-prefix-map=/data1/hz/linux-sgx-mage/sdk/cpprt/linux/libunwind=/libunwind  -fexceptions -Wall -Wsign-compare  -D_GNU_SOURCE -DNDEBUG  conftest.c  >&5
configure:19391: $? = 0
configure:19404: result: yes
configure:19407: checking for __sync atomics
configure:19423: gcc -o conftest -Wjump-misses-init -Wstrict-prototypes -Wunsuffixed-float-constants -O2 -D_FORTIFY_SOURCE=3 -UDEBUG -DNDEBUG -fstack-clash-protection -ffunction-sections -fdata-sections -fstack-protector-strong -D_GLIBCXX_ASSERTIONS -Wall -Wextra -Winit-self -Wpointer-arith -Wreturn-type -Waddress -Wsequence-point -Wformat-security -Wmissing-include-dirs -Wfloat-equal -Wundef -Wshadow -Wcast-align -Wconversion -Wredundant-decls -Wimplicit-fallthrough -DITT_ARCH_IA64 -fcf-protection -ffreestanding -fvisibility=hidden -fpie -fno-strict-overflow -fno-delete-null-pointer-checks -B/usr/local/bin -Werror=format-security -DLIBCXXRT_NO_DEFAULT_TERMINATE_DIAGNOSTICS -DLIBCXXRT_NO_EMERGENCY_MALLOC -std=c99 -fno-builtin -DHAVE_SGX=1 -fPIC -DUNW_LOCAL_ONLY -fdebug-prefix-map=/data1/hz/linux-sgx-mage/sdk/cpprt/linux/libunwind=/libunwind  -fexceptions -Wall -Wsign-compare  -D_GNU_SOURCE -DNDEBUG  conftest.c  >&5
configure:19423: $? = 0
configure:19436: result: yes
configure:19451: checking for library containing backtrace
configure:19481: gcc -o conftest -Wjump-misses-init -Wstrict-prototypes -Wunsuffixed-float-constants -O2 -D_FORTIFY_SOURCE=3 -UDEBUG -DNDEBUG -fstack-clash-protection -ffunction-sections -fdata-sections -fstack-protector-strong -D_GLIBCXX_ASSERTIONS -Wall -Wextra -Winit-self -Wpointer-arith -Wreturn-type -Waddress -Wsequence-point -Wformat-security -Wmissing-include-dirs -Wfloat-equal -Wundef -Wshadow -Wcast-align -Wconversion -Wredundant-decls -Wimplicit-fallthrough -DITT_ARCH_IA64 -fcf-protection -ffreestanding -fvisibility=hidden -fpie -fno-strict-overflow -fno-delete-null-pointer-checks -B/usr/local/bin -Werror=format-security -DLIBCXXRT_NO_DEFAULT_TERMINATE_DIAGNOSTICS -DLIBCXXRT_NO_EMERGENCY_MALLOC -std=c99 -fno-builtin -DHAVE_SGX=1 -fPIC -DUNW_LOCAL_ONLY -fdebug-prefix-map=/data1/hz/linux-sgx-mage/sdk/cpprt/linux/libunwind=/libunwind  -fexceptions -Wall -Wsign-compare  -D_GNU_SOURCE -DNDEBUG  conftest.c  >&5
conftest.c:61:1: warning: function declaration isn't a prototype [-Wstrict-prototypes]
   61 | char backtrace ();
      | ^~~~
configure:19481: $? = 0
configure:19501: result: none required
configure:19535: checking for latex2man
configure:19573: result: no
configure:19579: WARNING: latex2man not found. Install latex2man. Disabling docs.
configure:19715: checking that generated files are newer than configure
configure:19721: result: done
configure:19872: creating ./config.status

## ---------------------- ##
## Running config.status. ##
## ---------------------- ##

This file was extended by libunwind config.status 1.3.1, which was
generated by GNU Autoconf 2.71.  Invocation command line was

  CONFIG_FILES    = 
  CONFIG_HEADERS  = 
  CONFIG_LINKS    = 
  CONFIG_COMMANDS = 
  $ ./config.status 

on nsec-sgx

config.status:1288: creating Makefile
config.status:1288: creating src/Makefile
config.status:1288: creating include/libunwind-common.h
config.status:1288: creating include/libunwind.h
config.status:1288: creating include/tdep/libunwind_i.h
config.status:1288: creating src/unwind/libunwind.pc
config.status:1288: creating src/coredump/libunwind-coredump.pc
config.status:1288: creating src/ptrace/libunwind-ptrace.pc
config.status:1288: creating src/setjmp/libunwind-setjmp.pc
config.status:1288: creating src/libunwind-generic.pc
config.status:1288: creating include/config.h
config.status:1517: executing depfiles commands
config.status:1594: cd src       && sed -e '/# am--include-marker/d' Makefile         | make -f - am--depfiles
make[4]: Entering directory '/data1/hz/linux-sgx-mage/sdk/cpprt/linux/libunwind/src'
make[4]: Nothing to be done for 'am--depfiles'.
make[4]: Leaving directory '/data1/hz/linux-sgx-mage/sdk/cpprt/linux/libunwind/src'
config.status:1599: $? = 0
config.status:1517: executing libtool commands

## ---------------- ##
## Cache variables. ##
## ---------------- ##

ac_cv_build=x86_64-pc-linux-gnu
ac_cv_c_compiler_gnu=yes
ac_cv_c_const=yes
ac_cv_c_inline=inline
ac_cv_c_undeclared_builtin_options='none needed'
ac_cv_cxx_compiler_gnu=yes
ac_cv_env_CCASFLAGS_set=
ac_cv_env_CCASFLAGS_value=
ac_cv_env_CCAS_set=
ac_cv_env_CCAS_value=
ac_cv_env_CCC_set=
ac_cv_env_CCC_value=
ac_cv_env_CC_set=
ac_cv_env_CC_value=
ac_cv_env_CFLAGS_set=set
ac_cv_env_CFLAGS_value='-Wjump-misses-init -Wstrict-prototypes -Wunsuffixed-float-constants -O2 -D_FORTIFY_SOURCE=3 -UDEBUG -DNDEBUG -fstack-clash-protection -ffunction-sections -fdata-sections -fstack-protector-strong -D_GLIBCXX_ASSERTIONS -Wall -Wextra -Winit-self -Wpointer-arith -Wreturn-type -Waddress -Wsequence-point -Wformat-security -Wmissing-include-dirs -Wfloat-equal -Wundef -Wshadow -Wcast-align -Wconversion -Wredundant-decls -Wimplicit-fallthrough -DITT_ARCH_IA64 -fcf-protection -ffreestanding -fvisibility=hidden -fpie -fno-strict-overflow -fno-delete-null-pointer-checks -B/usr/local/bin -Werror=format-security -DLIBCXXRT_NO_DEFAULT_TERMINATE_DIAGNOSTICS -DLIBCXXRT_NO_EMERGENCY_MALLOC -std=c99 -fno-builtin -DHAVE_SGX=1 -fPIC -DUNW_LOCAL_ONLY -fdebug-prefix-map=/data1/hz/linux-sgx-mage/sdk/cpprt/linux/libunwind=/libunwind '
ac_cv_env_CPPFLAGS_set=
ac_cv_env_CPPFLAGS_value=
ac_cv_env_CXXCPP_set=
ac_cv_env_CXXCPP_value=
ac_cv_env_CXXFLAGS_set=
ac_cv_env_CXXFLAGS_value=
ac_cv_env_CXX_set=
ac_cv_env_CXX_value=
ac_cv_env_LDFLAGS_set=
ac_cv_env_LDFLAGS_value=
ac_cv_env_LIBS_set=
ac_cv_env_LIBS_value=
ac_cv_env_LT_SYS_LIBRARY_PATH_set=
ac_cv_env_LT_SYS_LIBRARY_PATH_value=
ac_cv_env_build_alias_set=
ac_cv_env_build_alias_value=
ac_cv_env_host_alias_set=
ac_cv_env_host_alias_value=
ac_cv_env_target_alias_set=
ac_cv_env_target_alias_value=
ac_cv_func_dl_iterate_phdr=yes
ac_cv_func_dl_phdr_removals_counter=no
ac_cv_func_dlmodinfo=no
ac_cv_func_getunwind=no
ac_cv_func_mincore=yes
ac_cv_func_ttrace=no
ac_cv_have_decl_PTRACE_CONT=yes
ac_cv_have_decl_PTRACE_POKEDATA=yes
ac_cv_have_decl_PTRACE_POKEUSER=yes
ac_cv_have_decl_PTRACE_SETREGSET=yes
ac_cv_have_decl_PTRACE_SINGLESTEP=yes
ac_cv_have_decl_PTRACE_SYSCALL=yes
ac_cv_have_decl_PTRACE_TRACEME=yes
ac_cv_have_decl_PT_CONTINUE=yes
ac_cv_have_decl_PT_GETFPREGS=yes
ac_cv_have_decl_PT_GETREGS=yes
ac_cv_have_decl_PT_IO=no
ac_cv_have_decl_PT_STEP=yes
ac_cv_have_decl_PT_SYSCALL=yes
ac_cv_have_decl_PT_TRACE_ME=yes
ac_cv_header_asm_ptrace_offsets_h=no
ac_cv_header_atomic_ops_h=no
ac_cv_header_byteswap_h=yes
ac_cv_header_dlfcn_h=yes
ac_cv_header_elf_h=yes
ac_cv_header_endian_h=yes
ac_cv_header_execinfo_h=yes
ac_cv_header_ia64intrin_h=no
ac_cv_header_inttypes_h=yes
ac_cv_header_link_h=yes
ac_cv_header_signal_h=yes
ac_cv_header_stdint_h=yes
ac_cv_header_stdio_h=yes
ac_cv_header_stdlib_h=yes
ac_cv_header_string_h=yes
ac_cv_header_strings_h=yes
ac_cv_header_sys_elf_h=no
ac_cv_header_sys_endian_h=no
ac_cv_header_sys_link_h=no
ac_cv_header_sys_procfs_h=yes
ac_cv_header_sys_ptrace_h=yes
ac_cv_header_sys_stat_h=yes
ac_cv_header_sys_types_h=yes
ac_cv_header_sys_uc_access_h=no
ac_cv_header_unistd_h=yes
ac_cv_host=x86_64-pc-linux-gnu
ac_cv_lib_lzma_lzma_mf_is_supported=yes
ac_cv_lib_uca___uc_get_grs=no
ac_cv_member_struct_dl_phdr_info_dlpi_subs=yes
ac_cv_objext=o
ac_cv_path_EGREP='/usr/bin/grep -E'
ac_cv_path_FGREP='/usr/bin/grep -F'
ac_cv_path_GREP=/usr/bin/grep
ac_cv_path_SED=/usr/bin/sed
ac_cv_path_install='/usr/bin/install -c'
ac_cv_path_lt_DD=/usr/bin/dd
ac_cv_path_mkdir=/usr/bin/mkdir
ac_cv_prog_AWK=gawk
ac_cv_prog_CXXCPP='g++ -E'
ac_cv_prog_ac_ct_AR=ar
ac_cv_prog_ac_ct_CC=gcc
ac_cv_prog_ac_ct_CXX=g++
ac_cv_prog_ac_ct_FILECMD=file
ac_cv_prog_ac_ct_MANIFEST_TOOL=mt
ac_cv_prog_ac_ct_OBJDUMP=objdump
ac_cv_prog_ac_ct_RANLIB=ranlib
ac_cv_prog_ac_ct_STRIP=strip
ac_cv_prog_cc_c11=no
ac_cv_prog_cc_c99=
ac_cv_prog_cc_g=yes
ac_cv_prog_cc_stdc=
ac_cv_prog_cxx_cxx11=
ac_cv_prog_cxx_g=yes
ac_cv_prog_cxx_stdcxx=
ac_cv_prog_make_make_set=yes
ac_cv_search_backtrace='none required'
ac_cv_search_dlopen='none required'
ac_cv_sizeof_off_t=8
ac_cv_target=x86_64-pc-linux-gnu
ac_cv_type_size_t=yes
ac_cv_type_struct_elf_prstatus=yes
ac_cv_type_struct_prstatus=no
am_cv_CCAS_dependencies_compiler_type=gcc3
am_cv_CC_dependencies_compiler_type=gcc3
am_cv_CXX_dependencies_compiler_type=gcc3
am_cv_ar_interface=ar
am_cv_make_support_nested_variables=yes
am_cv_prog_cc_c_o=yes
lt_cv_ar_at_file=@
lt_cv_deplibs_check_method=pass_all
lt_cv_file_magic_cmd='$MAGIC_CMD'
lt_cv_file_magic_test_file=
lt_cv_ld_reload_flag=-r
lt_cv_nm_interface='BSD nm'
lt_cv_objdir=.libs
lt_cv_path_LD=/usr/local/bin/ld
lt_cv_path_LDCXX='/usr/local/bin/ld -m elf_x86_64'
lt_cv_path_NM='/usr/bin/nm -B'
lt_cv_path_mainfest_tool=no
lt_cv_prog_compiler_c_o=yes
lt_cv_prog_compiler_c_o_CXX=yes
lt_cv_prog_compiler_pic='-fPIC -DPIC'
lt_cv_prog_compiler_pic_CXX='-fPIC -DPIC'
lt_cv_prog_compiler_pic_works=yes
lt_cv_prog_compiler_pic_works_CXX=yes
lt_cv_prog_compiler_rtti_exceptions=no
lt_cv_prog_compiler_static_works=yes
lt_cv_prog_compiler_static_works_CXX=yes
lt_cv_prog_gnu_ld=yes
lt_cv_prog_gnu_ldcxx=yes
lt_cv_sharedlib_from_linklib_cmd='printf %s\n'
lt_cv_shlibpath_overrides_runpath=yes
lt_cv_sys_global_symbol_pipe='/usr/bin/sed -n -e '\''s/^.*[	 ]\([ABCDGIRSTW][ABCDGIRSTW]*\)[	 ][	 ]*\([_A-Za-z][_A-Za-z0-9]*\)$/\1 \2 \2/p'\'' | /usr/bin/sed '\''/ __gnu_lto/d'\'''
lt_cv_sys_global_symbol_to_c_name_address='/usr/bin/sed -n -e '\''s/^: \(.*\) .*$/  {"\1", (void *) 0},/p'\'' -e '\''s/^[ABCDGIRSTW][ABCDGIRSTW]* .* \(.*\)$/  {"\1", (void *) \&\1},/p'\'''
lt_cv_sys_global_symbol_to_c_name_address_lib_prefix='/usr/bin/sed -n -e '\''s/^: \(.*\) .*$/  {"\1", (void *) 0},/p'\'' -e '\''s/^[ABCDGIRSTW][ABCDGIRSTW]* .* \(lib.*\)$/  {"\1", (void *) \&\1},/p'\'' -e '\''s/^[ABCDGIRSTW][ABCDGIRSTW]* .* \(.*\)$/  {"lib\1", (void *) \&\1},/p'\'''
lt_cv_sys_global_symbol_to_cdecl='/usr/bin/sed -n -e '\''s/^T .* \(.*\)$/extern int \1();/p'\'' -e '\''s/^[ABCDGIRSTW][ABCDGIRSTW]* .* \(.*\)$/extern char \1;/p'\'''
lt_cv_sys_global_symbol_to_import=
lt_cv_sys_max_cmd_len=1572864
lt_cv_to_host_file_cmd=func_convert_file_noop
lt_cv_to_tool_file_cmd=func_convert_file_noop
lt_cv_truncate_bin='/usr/bin/dd bs=4096 count=1'

## ----------------- ##
## Output variables. ##
## ----------------- ##

ACLOCAL='${SHELL} '\''/data1/hz/linux-sgx-mage/sdk/cpprt/linux/libunwind/config/missing'\'' aclocal-1.16'
AMDEPBACKSLASH='\'
AMDEP_FALSE='#'
AMDEP_TRUE=''
AMTAR='$${TAR-tar}'
AM_BACKSLASH='\'
AM_DEFAULT_V='$(AM_DEFAULT_VERBOSITY)'
AM_DEFAULT_VERBOSITY='1'
AM_V='$(V)'
AR='ar'
ARCH='X86_64'
ARCH_AARCH64_FALSE=''
ARCH_AARCH64_TRUE='#'
ARCH_ARM_FALSE=''
ARCH_ARM_TRUE='#'
ARCH_HPPA_FALSE=''
ARCH_HPPA_TRUE='#'
ARCH_IA64_FALSE=''
ARCH_IA64_TRUE='#'
ARCH_MIPS_FALSE=''
ARCH_MIPS_TRUE='#'
ARCH_PPC32_FALSE=''
ARCH_PPC32_TRUE='#'
ARCH_PPC64_FALSE=''
ARCH_PPC64_TRUE='#'
ARCH_SH_FALSE=''
ARCH_SH_TRUE='#'
ARCH_TILEGX_FALSE=''
ARCH_TILEGX_TRUE='#'
ARCH_X86_64_FALSE='#'
ARCH_X86_64_TRUE=''
ARCH_X86_FALSE=''
ARCH_X86_TRUE='#'
AUTOCONF='${SHELL} '\''/data1/hz/linux-sgx-mage/sdk/cpprt/linux/libunwind/config/missing'\'' autoconf'
AUTOHEADER='${SHELL} '\''/data1/hz/linux-sgx-mage/sdk/cpprt/linux/libunwind/config/missing'\'' autoheader'
AUTOMAKE='${SHELL} '\''/data1/hz/linux-sgx-mage/sdk/cpprt/linux/libunwind/config/missing'\'' automake-1.16'
AWK='gawk'
BACKTRACELIB=''
BUILD_COREDUMP_FALSE=''
BUILD_COREDUMP_TRUE='#'
BUILD_PTRACE_FALSE=''
BUILD_PTRACE_TRUE='#'
BUILD_SETJMP_FALSE=''
BUILD_SETJMP_TRUE='#'
CC='gcc'
CCAS='gcc'
CCASDEPMODE='depmode=gcc3'
CCASFLAGS='-Wjump-misses-init -Wstrict-prototypes -Wunsuffixed-float-constants -O2 -D_FORTIFY_SOURCE=3 -UDEBUG -DNDEBUG -fstack-clash-protection -ffunction-sections -fdata-sections -fstack-protector-strong -D_GLIBCXX_ASSERTIONS -Wall -Wextra -Winit-self -Wpointer-arith -Wreturn-type -Waddress -Wsequence-point -Wformat-security -Wmissing-include-dirs -Wfloat-equal -Wundef -Wshadow -Wcast-align -Wconversion -Wredundant-decls -Wimplicit-fallthrough -DITT_ARCH_IA64 -fcf-protection -ffreestanding -fvisibility=hidden -fpie -fno-strict-overflow -fno-delete-null-pointer-checks -B/usr/local/bin -Werror=format-security -DLIBCXXRT_NO_DEFAULT_TERMINATE_DIAGNOSTICS -DLIBCXXRT_NO_EMERGENCY_MALLOC -std=c99 -fno-builtin -DHAVE_SGX=1 -fPIC -DUNW_LOCAL_ONLY -fdebug-prefix-map=/data1/hz/linux-sgx-mage/sdk/cpprt/linux/libunwind=/libunwind   -D_GNU_SOURCE -DNDEBUG'
CCDEPMODE='depmode=gcc3'
CFLAGS='-Wjump-misses-init -Wstrict-prototypes -Wunsuffixed-float-constants -O2 -D_FORTIFY_SOURCE=3 -UDEBUG -DNDEBUG -fstack-clash-protection -ffunction-sections -fdata-sections -fstack-protector-strong -D_GLIBCXX_ASSERTIONS -Wall -Wextra -Winit-self -Wpointer-arith -Wreturn-type -Waddress -Wsequence-point -Wformat-security -Wmissing-include-dirs -Wfloat-equal -Wundef -Wshadow -Wcast-align -Wconversion -Wredundant-decls -Wimplicit-fallthrough -DITT_ARCH_IA64 -fcf-protection -ffreestanding -fvisibility=hidden -fpie -fno-strict-overflow -fno-delete-null-pointer-checks -B/usr/local/bin -Werror=format-security -DLIBCXXRT_NO_DEFAULT_TERMINATE_DIAGNOSTICS -DLIBCXXRT_NO_EMERGENCY_MALLOC -std=c99 -fno-builtin -DHAVE_SGX=1 -fPIC -DUNW_LOCAL_ONLY -fdebug-prefix-map=/data1/hz/linux-sgx-mage/sdk/cpprt/linux/libunwind=/libunwind  -fexceptions -Wall -Wsign-compare'
CONFIG_DOCS_FALSE=''
CONFIG_DOCS_TRUE='#'
CONFIG_TESTS_FALSE=''
CONFIG_TESTS_TRUE='#'
CPPFLAGS=' -D_GNU_SOURCE -DNDEBUG'
CSCOPE='cscope'
CTAGS='ctags'
CXX='g++'
CXXCPP='g++ -E'
CXXDEPMODE='depmode=gcc3'
CXXFLAGS='-g -O2'
CYGPATH_W='echo'
DEFS='-DHAVE_CONFIG_H'
DEPDIR='.deps'
DLLIB=''
DLLTOOL='false'
DSYMUTIL=''
DUMPBIN=''
ECHO_C=''
ECHO_N='-n'
ECHO_T=''
EGREP='/usr/bin/grep -E'
ETAGS='etags'
EXEEXT=''
FGREP='/usr/bin/grep -F'
FILECMD='file'
GREP='/usr/bin/grep'
HAVE_LZMA_FALSE='#'
HAVE_LZMA_TRUE=''
INSTALL_DATA='${INSTALL} -m 644'
INSTALL_PROGRAM='${INSTALL}'
INSTALL_SCRIPT='${INSTALL}'
INSTALL_STRIP_PROGRAM='$(install_sh) -c -s'
LATEX2MAN=''
LD='/usr/local/bin/ld -m elf_x86_64'
LDFLAGS=''
LDFLAGS_NOSTARTFILES='-XCClinker -nostartfiles'
LDFLAGS_STATIC_LIBCXA=''
LIBCRTS='-lgcc_s'
LIBLZMA='-llzma'
LIBOBJS=''
LIBS=''
LIBTOOL='$(SHELL) $(top_builddir)/libtool'
LIPO=''
LN_S='ln -s'
LTLIBOBJS=''
LT_SYS_LIBRARY_PATH=''
MAINT='#'
MAINTAINER_MODE_FALSE=''
MAINTAINER_MODE_TRUE='#'
MAKEINFO='${SHELL} '\''/data1/hz/linux-sgx-mage/sdk/cpprt/linux/libunwind/config/missing'\'' makeinfo'
MANIFEST_TOOL=':'
MKDIR_P='/usr/bin/mkdir -p'
NM='/usr/bin/nm -B'
NMEDIT=''
NO_PTRACE_TEST_FALSE=''
NO_PTRACE_TEST_TRUE='#'
OBJDUMP='objdump'
OBJEXT='o'
OS_FREEBSD_FALSE=''
OS_FREEBSD_TRUE='#'
OS_HPUX_FALSE=''
OS_HPUX_TRUE='#'
OS_LINUX_FALSE='#'
OS_LINUX_TRUE=''
OS_QNX_FALSE=''
OS_QNX_TRUE='#'
OTOOL64=''
OTOOL=''
PACKAGE='libunwind'
PACKAGE_BUGREPORT='libunwind-devel@nongnu.org'
PACKAGE_NAME='libunwind'
PACKAGE_STRING='libunwind 1.3.1'
PACKAGE_TARNAME='libunwind'
PACKAGE_URL=''
PACKAGE_VERSION='1.3.1'
PATH_SEPARATOR=':'
PKG_EXTRA='1'
PKG_MAINTAINER='libunwind-devel@nongnu.org'
PKG_MAJOR='1'
PKG_MINOR='3'
RANLIB='ranlib'
REMOTE_ONLY_FALSE=''
REMOTE_ONLY_TRUE='#'
SED='/usr/bin/sed'
SET_MAKE=''
SHELL='/bin/bash'
STRIP='strip'
SUPPORT_CXX_EXCEPTIONS_FALSE='#'
SUPPORT_CXX_EXCEPTIONS_TRUE=''
USE_ALTIVEC_FALSE=''
USE_ALTIVEC_TRUE='#'
USE_DWARF_FALSE='#'
USE_DWARF_TRUE=''
USE_ELF32_FALSE=''
USE_ELF32_TRUE='#'
USE_ELF64_FALSE='#'
USE_ELF64_TRUE=''
USE_ELFXX_FALSE=''
USE_ELFXX_TRUE='#'
VERSION='1.3.1'
ac_ct_AR='ar'
ac_ct_CC='gcc'
ac_ct_CXX='g++'
ac_ct_DUMPBIN=''
am__EXEEXT_FALSE=''
am__EXEEXT_TRUE='#'
am__fastdepCCAS_FALSE='#'
am__fastdepCCAS_TRUE=''
am__fastdepCC_FALSE='#'
am__fastdepCC_TRUE=''
am__fastdepCXX_FALSE='#'
am__fastdepCXX_TRUE=''
am__include='include'
am__isrc=''
am__leading_dot='.'
am__nodep='_no'
am__quote=''
am__tar='$${TAR-tar} chof - "$$tardir"'
am__untar='$${TAR-tar} xf -'
arch='x86_64'
bindir='${exec_prefix}/bin'
build='x86_64-pc-linux-gnu'
build_alias=''
build_arch='x86_64'
build_cpu='x86_64'
build_os='linux-gnu'
build_vendor='pc'
datadir='${datarootdir}'
datarootdir='${prefix}/share'
docdir='${datarootdir}/doc/${PACKAGE_TARNAME}'
dvidir='${docdir}'
enable_cxx_exceptions='yes'
enable_debug_frame='no'
exec_prefix='${prefix}'
host='x86_64-pc-linux-gnu'
host_alias=''
host_cpu='x86_64'
host_os='linux-gnu'
host_vendor='pc'
htmldir='${docdir}'
includedir='${prefix}/include'
infodir='${datarootdir}/info'
install_sh='${SHELL} /data1/hz/linux-sgx-mage/sdk/cpprt/linux/libunwind/config/install-sh'
libdir='${exec_prefix}/lib'
libexecdir='${exec_prefix}/libexec'
localedir='${datarootdir}/locale'
localstatedir='${prefix}/var'
mandir='${datarootdir}/man'
mkdir_p='$(MKDIR_P)'
oldincludedir='/usr/include'
pdfdir='${docdir}'
prefix='/usr/local'
program_transform_name='s,x,x,'
psdir='${docdir}'
runstatedir='${localstatedir}/run'
sbindir='${exec_prefix}/sbin'
sharedstatedir='${prefix}/com'
sysconfdir='${prefix}/etc'
target='x86_64-pc-linux-gnu'
target_alias=''
target_cpu='x86_64'
target_os='linux-gnu'
target_vendor='pc'

## ----------- ##
## confdefs.h. ##
## ----------- ##

/* confdefs.h */
#define PACKAGE_NAME "libunwind"
#define PACKAGE_TARNAME "libunwind"
#define PACKAGE_VERSION "1.3.1"
#define PACKAGE_STRING "libunwind 1.3.1"
#define PACKAGE_BUGREPORT "libunwind-devel@nongnu.org"
#define PACKAGE_URL ""
#define PACKAGE "libunwind"
#define VERSION "1.3.1"
#define HAVE_STDIO_H 1
#define HAVE_STDLIB_H 1
#define HAVE_STRING_H 1
#define HAVE_INTTYPES_H 1
#define HAVE_STDINT_H 1
#define HAVE_STRINGS_H 1
#define HAVE_SYS_STAT_H 1
#define HAVE_SYS_TYPES_H 1
#define HAVE_UNISTD_H 1
#define STDC_HEADERS 1
#define HAVE_DLFCN_H 1
#define LT_OBJDIR ".libs/"
#define HAVE_ENDIAN_H 1
#define HAVE_EXECINFO_H 1
#define HAVE_UNISTD_H 1
#define HAVE_SIGNAL_H 1
#define HAVE_SYS_TYPES_H 1
#define HAVE_SYS_PROCFS_H 1
#define HAVE_SYS_PTRACE_H 1
#define HAVE_BYTESWAP_H 1
#define HAVE_ELF_H 1
#define HAVE_LINK_H 1
#define SIZEOF_OFF_T 8
#define HAVE_STRUCT_DL_PHDR_INFO_DLPI_SUBS 1
#define HAVE_STRUCT_ELF_PRSTATUS 1
#define HAVE_DECL_PTRACE_POKEUSER 1
#define HAVE_DECL_PTRACE_POKEDATA 1
#define HAVE_DECL_PTRACE_SETREGSET 1
#define HAVE_DECL_PTRACE_TRACEME 1
#define HAVE_DECL_PTRACE_CONT 1
#define HAVE_DECL_PTRACE_SINGLESTEP 1
#define HAVE_DECL_PTRACE_SYSCALL 1
#define HAVE_DECL_PT_IO 0
#define HAVE_DECL_PT_GETREGS 1
#define HAVE_DECL_PT_GETFPREGS 1
#define HAVE_DECL_PT_CONTINUE 1
#define HAVE_DECL_PT_TRACE_ME 1
#define HAVE_DECL_PT_STEP 1
#define HAVE_DECL_PT_SYSCALL 1
#define HAVE_DL_ITERATE_PHDR 1
#define HAVE_MINCORE 1
#define CONSERVATIVE_CHECKS 1
#define HAVE_LZMA 1
#define HAVE__BUILTIN___CLEAR_CACHE 1
#define HAVE__BUILTIN_UNREACHABLE 1
#define HAVE_SYNC_ATOMICS 1

configure: exit 0
